date,datetime,hour,tipo_pagamento,valor_hryvnia,coffee_name,dia_semana,dia_semana_num,mes,mes_num,ano,hora_numerica,semana_ano,dia_mes
2024-03-01,2024-03-01 10:15:50.520,10:15,Cartão,38.7,Latte,Sexta-feira,4,Março,3,2024,10,9,1
2024-03-01,2024-03-01 12:19:22.539,12:19,Cartão,38.7,Hot Chocolate,Sexta-feira,4,Março,3,2024,12,9,1
2024-03-01,2024-03-01 12:20:18.089,12:20,Cartão,38.7,Hot Chocolate,Sexta-feira,4,Março,3,2024,12,9,1
2024-03-01,2024-03-01 13:46:33.006,13:46,Cartão,28.9,Americano,Sexta-feira,4,Março,3,2024,13,9,1
2024-03-01,2024-03-01 13:48:14.626,13:48,Cartão,38.7,Latte,Sexta-feira,4,Março,3,2024,13,9,1
2024-03-01,2024-03-01 15:39:47.726,15:39,Cartão,33.8,Americano with Milk,Sexta-feira,4,Março,3,2024,15,9,1
2024-03-01,2024-03-01 16:19:02.756,16:19,Cartão,38.7,Hot Chocolate,Sexta-feira,4,Março,3,2024,16,9,1
2024-03-01,2024-03-01 18:39:03.580,18:39,Cartão,33.8,Americano with Milk,Sexta-feira,4,Março,3,2024,18,9,1
2024-03-01,2024-03-01 19:22:01.762,19:22,Cartão,38.7,Cocoa,Sexta-feira,4,Março,3,2024,19,9,1
2024-03-01,2024-03-01 19:23:15.887,19:23,Cartão,33.8,Americano with Milk,Sexta-feira,4,Março,3,2024,19,9,1
2024-03-01,2024-03-01 19:29:17.391,19:29,Cartão,33.8,Americano with Milk,Sexta-feira,4,Março,3,2024,19,9,1
2024-03-02,2024-03-02 10:22:06.957,10:22,Cartão,28.9,Americano,Sábado,5,Março,3,2024,10,9,2
2024-03-02,2024-03-02 10:30:35.668,10:30,Dinheiro,40.0,Latte,Sábado,5,Março,3,2024,10,9,2
2024-03-02,2024-03-02 10:41:41.249,10:41,Cartão,33.8,Americano with Milk,Sábado,5,Março,3,2024,10,9,2
2024-03-02,2024-03-02 11:59:45.484,11:59,Cartão,33.8,Americano with Milk,Sábado,5,Março,3,2024,11,9,2
2024-03-02,2024-03-02 14:38:35.535,14:38,Cartão,28.9,Americano,Sábado,5,Março,3,2024,14,9,2
2024-03-02,2024-03-02 16:37:24.475,16:37,Cartão,33.8,Americano with Milk,Sábado,5,Março,3,2024,16,9,2
2024-03-02,2024-03-02 17:34:54.969,17:34,Cartão,28.9,Americano,Sábado,5,Março,3,2024,17,9,2
2024-03-03,2024-03-03 10:10:43.981,10:10,Dinheiro,40.0,Latte,Domingo,6,Março,3,2024,10,9,3
2024-03-03,2024-03-03 10:27:18.561,10:27,Cartão,38.7,Latte,Domingo,6,Março,3,2024,10,9,3
2024-03-03,2024-03-03 11:33:56.118,11:33,Cartão,28.9,Cortado,Domingo,6,Março,3,2024,11,9,3
2024-03-03,2024-03-03 12:26:56.098,12:26,Cartão,28.9,Americano,Domingo,6,Março,3,2024,12,9,3
2024-03-03,2024-03-03 13:09:36.321,13:09,Cartão,38.7,Hot Chocolate,Domingo,6,Março,3,2024,13,9,3
2024-03-03,2024-03-03 17:06:40.271,17:06,Cartão,38.7,Cocoa,Domingo,6,Março,3,2024,17,9,3
2024-03-03,2024-03-03 17:08:45.895,17:08,Cartão,28.9,Cortado,Domingo,6,Março,3,2024,17,9,3
2024-03-03,2024-03-03 18:03:23.369,18:03,Cartão,33.8,Americano with Milk,Domingo,6,Março,3,2024,18,9,3
2024-03-03,2024-03-03 18:04:27.946,18:04,Cartão,33.8,Americano with Milk,Domingo,6,Março,3,2024,18,9,3
2024-03-03,2024-03-03 18:08:04.959,18:08,Cartão,38.7,Hot Chocolate,Domingo,6,Março,3,2024,18,9,3
2024-03-04,2024-03-04 10:03:51.994,10:03,Cartão,38.7,Latte,Segunda-feira,0,Março,3,2024,10,10,4
2024-03-04,2024-03-04 10:54:50.958,10:54,Cartão,38.7,Latte,Segunda-feira,0,Março,3,2024,10,10,4
2024-03-04,2024-03-04 11:05:16.184,11:05,Cartão,33.8,Americano with Milk,Segunda-feira,0,Março,3,2024,11,10,4
2024-03-04,2024-03-04 14:04:37.734,14:04,Cartão,24.0,Espresso,Segunda-feira,0,Março,3,2024,14,10,4
2024-03-05,2024-03-05 09:59:52.651,09:59,Cartão,38.7,Latte,Terça-feira,1,Março,3,2024,9,10,5
2024-03-05,2024-03-05 14:34:55.963,14:34,Cartão,38.7,Latte,Terça-feira,1,Março,3,2024,14,10,5
2024-03-05,2024-03-05 17:34:06.043,17:34,Cartão,38.7,Latte,Terça-feira,1,Março,3,2024,17,10,5
2024-03-05,2024-03-05 17:35:25.021,17:35,Cartão,38.7,Hot Chocolate,Terça-feira,1,Março,3,2024,17,10,5
2024-03-05,2024-03-05 17:36:28.571,17:36,Cartão,38.7,Cocoa,Terça-feira,1,Março,3,2024,17,10,5
2024-03-05,2024-03-05 17:37:13.659,17:37,Cartão,38.7,Hot Chocolate,Terça-feira,1,Março,3,2024,17,10,5
2024-03-05,2024-03-05 17:38:09.354,17:38,Cartão,38.7,Hot Chocolate,Terça-feira,1,Março,3,2024,17,10,5
2024-03-05,2024-03-05 17:56:15.776,17:56,Cartão,28.9,Cortado,Terça-feira,1,Março,3,2024,17,10,5
2024-03-05,2024-03-05 18:01:31.242,18:01,Cartão,38.7,Hot Chocolate,Terça-feira,1,Março,3,2024,18,10,5
2024-03-06,2024-03-06 12:30:27.089,12:30,Dinheiro,35.0,Americano with Milk,Quarta-feira,2,Março,3,2024,12,10,6
2024-03-06,2024-03-06 13:24:07.667,13:24,Cartão,28.9,Americano,Quarta-feira,2,Março,3,2024,13,10,6
2024-03-06,2024-03-06 13:25:14.351,13:25,Cartão,28.9,Cortado,Quarta-feira,2,Março,3,2024,13,10,6
2024-03-06,2024-03-06 14:52:01.761,14:52,Cartão,38.7,Cappuccino,Quarta-feira,2,Março,3,2024,14,10,6
2024-03-06,2024-03-06 14:53:18.344,14:53,Cartão,38.7,Cappuccino,Quarta-feira,2,Março,3,2024,14,10,6
2024-03-07,2024-03-07 10:08:58.945,10:08,Dinheiro,40.0,Latte,Quinta-feira,3,Março,3,2024,10,10,7
2024-03-07,2024-03-07 10:18:40.543,10:18,Cartão,38.7,Hot Chocolate,Quinta-feira,3,Março,3,2024,10,10,7
2024-03-07,2024-03-07 11:03:58.976,11:03,Cartão,38.7,Latte,Quinta-feira,3,Março,3,2024,11,10,7
2024-03-07,2024-03-07 11:25:43.977,11:25,Dinheiro,40.0,Latte,Quinta-feira,3,Março,3,2024,11,10,7
2024-03-07,2024-03-07 15:40:22.606,15:40,Cartão,28.9,Americano,Quinta-feira,3,Março,3,2024,15,10,7
2024-03-07,2024-03-07 15:41:28.784,15:41,Cartão,33.8,Americano with Milk,Quinta-feira,3,Março,3,2024,15,10,7
2024-03-08,2024-03-08 10:34:41.283,10:34,Cartão,28.9,Cortado,Sexta-feira,4,Março,3,2024,10,10,8
2024-03-08,2024-03-08 12:22:28.653,12:22,Cartão,38.7,Cappuccino,Sexta-feira,4,Março,3,2024,12,10,8
2024-03-08,2024-03-08 13:53:02.042,13:53,Cartão,28.9,Americano,Sexta-feira,4,Março,3,2024,13,10,8
2024-03-08,2024-03-08 14:44:12.686,14:44,Cartão,28.9,Americano,Sexta-feira,4,Março,3,2024,14,10,8
2024-03-08,2024-03-08 14:45:11.048,14:45,Cartão,28.9,Americano,Sexta-feira,4,Março,3,2024,14,10,8
2024-03-08,2024-03-08 14:46:11.155,14:46,Cartão,33.8,Americano with Milk,Sexta-feira,4,Março,3,2024,14,10,8
2024-03-08,2024-03-08 18:57:51.451,18:57,Cartão,38.7,Latte,Sexta-feira,4,Março,3,2024,18,10,8
2024-03-08,2024-03-08 18:59:24.941,18:59,Cartão,38.7,Latte,Sexta-feira,4,Março,3,2024,18,10,8
2024-03-09,2024-03-09 11:49:37.292,11:49,Dinheiro,40.0,Hot Chocolate,Sábado,5,Março,3,2024,11,10,9
2024-03-09,2024-03-09 12:05:15.559,12:05,Cartão,24.0,Espresso,Sábado,5,Março,3,2024,12,10,9
2024-03-09,2024-03-09 12:07:38.275,12:07,Cartão,28.9,Americano,Sábado,5,Março,3,2024,12,10,9
2024-03-09,2024-03-09 12:09:47.714,12:09,Cartão,38.7,Cappuccino,Sábado,5,Março,3,2024,12,10,9
2024-03-09,2024-03-09 12:13:03.521,12:13,Cartão,28.9,Americano,Sábado,5,Março,3,2024,12,10,9
2024-03-09,2024-03-09 12:14:26.458,12:14,Cartão,28.9,Americano,Sábado,5,Março,3,2024,12,10,9
2024-03-09,2024-03-09 13:09:22.229,13:09,Cartão,38.7,Latte,Sábado,5,Março,3,2024,13,10,9
2024-03-09,2024-03-09 13:41:06.167,13:41,Cartão,33.8,Americano with Milk,Sábado,5,Março,3,2024,13,10,9
2024-03-09,2024-03-09 13:53:10.408,13:53,Cartão,28.9,Cortado,Sábado,5,Março,3,2024,13,10,9
2024-03-09,2024-03-09 13:54:36.828,13:54,Cartão,38.7,Cappuccino,Sábado,5,Março,3,2024,13,10,9
2024-03-09,2024-03-09 14:08:01.829,14:08,Cartão,33.8,Americano with Milk,Sábado,5,Março,3,2024,14,10,9
2024-03-09,2024-03-09 14:26:52.873,14:26,Cartão,38.7,Hot Chocolate,Sábado,5,Março,3,2024,14,10,9
2024-03-09,2024-03-09 19:17:57.572,19:17,Cartão,38.7,Cappuccino,Sábado,5,Março,3,2024,19,10,9
2024-03-09,2024-03-09 19:19:10.084,19:19,Cartão,38.7,Hot Chocolate,Sábado,5,Março,3,2024,19,10,9
2024-03-10,2024-03-10 07:44:18.538,07:44,Dinheiro,30.0,Americano,Domingo,6,Março,3,2024,7,10,10
2024-03-10,2024-03-10 07:45:29.441,07:45,Dinheiro,35.0,Americano with Milk,Domingo,6,Março,3,2024,7,10,10
2024-03-10,2024-03-10 10:06:02.960,10:06,Dinheiro,40.0,Latte,Domingo,6,Março,3,2024,10,10,10
2024-03-10,2024-03-10 11:19:20.764,11:19,Cartão,24.0,Espresso,Domingo,6,Março,3,2024,11,10,10
2024-03-10,2024-03-10 17:51:03.048,17:51,Dinheiro,35.0,Americano with Milk,Domingo,6,Março,3,2024,17,10,10
2024-03-10,2024-03-10 19:34:00.478,19:34,Cartão,38.7,Latte,Domingo,6,Março,3,2024,19,10,10
2024-03-10,2024-03-10 19:35:54.712,19:35,Cartão,28.9,Cortado,Domingo,6,Março,3,2024,19,10,10
2024-03-11,2024-03-11 10:18:46.724,10:18,Dinheiro,40.0,Latte,Segunda-feira,0,Março,3,2024,10,11,11
2024-03-11,2024-03-11 11:24:15.022,11:24,Dinheiro,40.0,Cappuccino,Segunda-feira,0,Março,3,2024,11,11,11
2024-03-11,2024-03-11 11:24:51.565,11:24,Dinheiro,30.0,Cortado,Segunda-feira,0,Março,3,2024,11,11,11
2024-03-11,2024-03-11 11:26:44.221,11:26,Dinheiro,30.0,Americano,Segunda-feira,0,Março,3,2024,11,11,11
2024-03-11,2024-03-11 11:32:58.781,11:32,Cartão,38.7,Cappuccino,Segunda-feira,0,Março,3,2024,11,11,11
2024-03-11,2024-03-11 16:24:26.401,16:24,Cartão,28.9,Americano,Segunda-feira,0,Março,3,2024,16,11,11
2024-03-11,2024-03-11 16:25:45.664,16:25,Cartão,38.7,Latte,Segunda-feira,0,Março,3,2024,16,11,11
2024-03-11,2024-03-11 16:50:49.608,16:50,Cartão,28.9,Cortado,Segunda-feira,0,Março,3,2024,16,11,11
2024-03-12,2024-03-12 10:15:00.297,10:15,Dinheiro,40.0,Latte,Terça-feira,1,Março,3,2024,10,11,12
2024-03-12,2024-03-12 10:15:34.543,10:15,Cartão,28.9,Americano,Terça-feira,1,Março,3,2024,10,11,12
2024-03-12,2024-03-12 10:16:24.886,10:16,Cartão,28.9,Cortado,Terça-feira,1,Março,3,2024,10,11,12
2024-03-12,2024-03-12 11:20:45.632,11:20,Cartão,38.7,Hot Chocolate,Terça-feira,1,Março,3,2024,11,11,12
2024-03-12,2024-03-12 12:46:23.275,12:46,Cartão,33.8,Americano with Milk,Terça-feira,1,Março,3,2024,12,11,12
2024-03-12,2024-03-12 12:47:26.027,12:47,Cartão,28.9,Americano,Terça-feira,1,Março,3,2024,12,11,12
2024-03-12,2024-03-12 16:15:43.325,16:15,Cartão,28.9,Americano,Terça-feira,1,Março,3,2024,16,11,12
2024-03-13,2024-03-13 11:06:43.038,11:06,Cartão,38.7,Hot Chocolate,Quarta-feira,2,Março,3,2024,11,11,13
2024-03-13,2024-03-13 11:48:16.753,11:48,Cartão,28.9,Americano,Quarta-feira,2,Março,3,2024,11,11,13
2024-03-13,2024-03-13 12:18:06.336,12:18,Cartão,28.9,Americano,Quarta-feira,2,Março,3,2024,12,11,13
2024-03-13,2024-03-13 12:19:05.128,12:19,Cartão,28.9,Americano,Quarta-feira,2,Março,3,2024,12,11,13
2024-03-13,2024-03-13 12:34:30.315,12:34,Dinheiro,25.0,Espresso,Quarta-feira,2,Março,3,2024,12,11,13
2024-03-13,2024-03-13 14:26:40.875,14:26,Cartão,33.8,Americano with Milk,Quarta-feira,2,Março,3,2024,14,11,13
2024-03-13,2024-03-13 15:40:22.261,15:40,Cartão,24.0,Espresso,Quarta-feira,2,Março,3,2024,15,11,13
2024-03-13,2024-03-13 15:41:20.424,15:41,Cartão,24.0,Espresso,Quarta-feira,2,Março,3,2024,15,11,13
2024-03-13,2024-03-13 16:47:09.373,16:47,Cartão,24.0,Espresso,Quarta-feira,2,Março,3,2024,16,11,13
2024-03-14,2024-03-14 10:02:12.241,10:02,Dinheiro,40.0,Latte,Quinta-feira,3,Março,3,2024,10,11,14
2024-03-14,2024-03-14 10:28:33.017,10:28,Cartão,38.7,Latte,Quinta-feira,3,Março,3,2024,10,11,14
2024-03-14,2024-03-14 10:29:34.283,10:29,Cartão,38.7,Hot Chocolate,Quinta-feira,3,Março,3,2024,10,11,14
2024-03-14,2024-03-14 13:27:29.536,13:27,Cartão,28.9,Cortado,Quinta-feira,3,Março,3,2024,13,11,14
2024-03-14,2024-03-14 13:28:24.527,13:28,Cartão,28.9,Americano,Quinta-feira,3,Março,3,2024,13,11,14
2024-03-14,2024-03-14 13:51:59.905,13:51,Cartão,33.8,Americano with Milk,Quinta-feira,3,Março,3,2024,13,11,14
2024-03-14,2024-03-14 13:52:56.248,13:52,Cartão,24.0,Espresso,Quinta-feira,3,Março,3,2024,13,11,14
2024-03-14,2024-03-14 15:20:38.367,15:20,Cartão,38.7,Latte,Quinta-feira,3,Março,3,2024,15,11,14
2024-03-14,2024-03-14 16:04:09.506,16:04,Cartão,33.8,Americano with Milk,Quinta-feira,3,Março,3,2024,16,11,14
2024-03-14,2024-03-14 16:54:38.202,16:54,Cartão,24.0,Espresso,Quinta-feira,3,Março,3,2024,16,11,14
2024-03-14,2024-03-14 18:58:55.854,18:58,Cartão,38.7,Hot Chocolate,Quinta-feira,3,Março,3,2024,18,11,14
2024-03-14,2024-03-14 19:00:08.663,19:00,Cartão,28.9,Cortado,Quinta-feira,3,Março,3,2024,19,11,14
2024-03-15,2024-03-15 10:02:16.533,10:02,Dinheiro,40.0,Latte,Sexta-feira,4,Março,3,2024,10,11,15
2024-03-15,2024-03-15 10:53:02.180,10:53,Cartão,38.7,Hot Chocolate,Sexta-feira,4,Março,3,2024,10,11,15
2024-03-15,2024-03-15 18:19:27.922,18:19,Cartão,28.9,Americano,Sexta-feira,4,Março,3,2024,18,11,15
2024-03-16,2024-03-16 12:06:55.209,12:06,Cartão,33.8,Americano with Milk,Sábado,5,Março,3,2024,12,11,16
2024-03-16,2024-03-16 12:07:53.915,12:07,Cartão,28.9,Americano,Sábado,5,Março,3,2024,12,11,16
2024-03-16,2024-03-16 15:58:18.458,15:58,Cartão,28.9,Cortado,Sábado,5,Março,3,2024,15,11,16
2024-03-16,2024-03-16 16:03:21.738,16:03,Cartão,28.9,Cortado,Sábado,5,Março,3,2024,16,11,16
2024-03-16,2024-03-16 16:04:11.444,16:04,Cartão,28.9,Cortado,Sábado,5,Março,3,2024,16,11,16
2024-03-16,2024-03-16 17:58:07.241,17:58,Cartão,33.8,Americano with Milk,Sábado,5,Março,3,2024,17,11,16
2024-03-17,2024-03-17 10:10:21.399,10:10,Dinheiro,40.0,Latte,Domingo,6,Março,3,2024,10,11,17
2024-03-17,2024-03-17 12:55:26.065,12:55,Cartão,28.9,Cortado,Domingo,6,Março,3,2024,12,11,17
2024-03-18,2024-03-18 11:17:59.671,11:17,Cartão,28.9,Cortado,Segunda-feira,0,Março,3,2024,11,12,18
2024-03-18,2024-03-18 15:31:39.725,15:31,Cartão,28.9,Americano,Segunda-feira,0,Março,3,2024,15,12,18
2024-03-18,2024-03-18 15:32:38.239,15:32,Cartão,28.9,Americano,Segunda-feira,0,Março,3,2024,15,12,18
2024-03-18,2024-03-18 15:33:36.708,15:33,Cartão,28.9,Americano,Segunda-feira,0,Março,3,2024,15,12,18
2024-03-19,2024-03-19 10:20:25.996,10:20,Dinheiro,30.0,Cortado,Terça-feira,1,Março,3,2024,10,12,19
2024-03-19,2024-03-19 14:02:21.536,14:02,Cartão,38.7,Latte,Terça-feira,1,Março,3,2024,14,12,19
2024-03-19,2024-03-19 14:03:19.765,14:03,Cartão,38.7,Latte,Terça-feira,1,Março,3,2024,14,12,19
2024-03-19,2024-03-19 15:04:36.309,15:04,Cartão,38.7,Hot Chocolate,Terça-feira,1,Março,3,2024,15,12,19
2024-03-19,2024-03-19 16:53:48.706,16:53,Cartão,33.8,Americano with Milk,Terça-feira,1,Março,3,2024,16,12,19
2024-03-19,2024-03-19 19:26:32.677,19:26,Dinheiro,40.0,Hot Chocolate,Terça-feira,1,Março,3,2024,19,12,19
2024-03-20,2024-03-20 11:41:16.403,11:41,Cartão,28.9,Cortado,Quarta-feira,2,Março,3,2024,11,12,20
2024-03-20,2024-03-20 12:21:07.728,12:21,Dinheiro,40.0,Latte,Quarta-feira,2,Março,3,2024,12,12,20
2024-03-20,2024-03-20 12:30:48.968,12:30,Cartão,28.9,Cortado,Quarta-feira,2,Março,3,2024,12,12,20
2024-03-20,2024-03-20 13:16:47.394,13:16,Cartão,38.7,Cappuccino,Quarta-feira,2,Março,3,2024,13,12,20
2024-03-20,2024-03-20 16:42:38.117,16:42,Cartão,38.7,Cocoa,Quarta-feira,2,Março,3,2024,16,12,20
2024-03-20,2024-03-20 17:50:28.781,17:50,Cartão,38.7,Latte,Quarta-feira,2,Março,3,2024,17,12,20
2024-03-21,2024-03-21 10:18:56.977,10:18,Dinheiro,40.0,Cappuccino,Quinta-feira,3,Março,3,2024,10,12,21
2024-03-21,2024-03-21 12:25:09.194,12:25,Cartão,28.9,Cortado,Quinta-feira,3,Março,3,2024,12,12,21
2024-03-21,2024-03-21 12:26:17.428,12:26,Cartão,38.7,Cappuccino,Quinta-feira,3,Março,3,2024,12,12,21
2024-03-21,2024-03-21 17:21:01.453,17:21,Dinheiro,30.0,Americano,Quinta-feira,3,Março,3,2024,17,12,21
2024-03-21,2024-03-21 17:22:01.353,17:22,Cartão,28.9,Cortado,Quinta-feira,3,Março,3,2024,17,12,21
2024-03-21,2024-03-21 19:20:36.508,19:20,Cartão,38.7,Latte,Quinta-feira,3,Março,3,2024,19,12,21
2024-03-22,2024-03-22 10:35:53.619,10:35,Cartão,33.8,Americano with Milk,Sexta-feira,4,Março,3,2024,10,12,22
2024-03-22,2024-03-22 13:29:20.343,13:29,Cartão,33.8,Americano with Milk,Sexta-feira,4,Março,3,2024,13,12,22
2024-03-22,2024-03-22 16:15:14.448,16:15,Dinheiro,40.0,Cappuccino,Sexta-feira,4,Março,3,2024,16,12,22
2024-03-22,2024-03-22 17:17:03.724,17:17,Cartão,28.9,Americano,Sexta-feira,4,Março,3,2024,17,12,22
2024-03-22,2024-03-22 17:17:58.991,17:17,Cartão,24.0,Espresso,Sexta-feira,4,Março,3,2024,17,12,22
2024-03-22,2024-03-22 17:20:49.490,17:20,Cartão,28.9,Americano,Sexta-feira,4,Março,3,2024,17,12,22
2024-03-23,2024-03-23 10:43:59.559,10:43,Cartão,38.7,Latte,Sábado,5,Março,3,2024,10,12,23
2024-03-23,2024-03-23 10:45:07.157,10:45,Cartão,33.8,Americano with Milk,Sábado,5,Março,3,2024,10,12,23
2024-03-23,2024-03-23 13:10:07.661,13:10,Cartão,38.7,Cappuccino,Sábado,5,Março,3,2024,13,12,23
2024-03-23,2024-03-23 13:11:12.230,13:11,Cartão,38.7,Cocoa,Sábado,5,Março,3,2024,13,12,23
2024-03-23,2024-03-23 14:44:41.276,14:44,Cartão,33.8,Americano with Milk,Sábado,5,Março,3,2024,14,12,23
2024-03-23,2024-03-23 15:47:19.062,15:47,Cartão,38.7,Latte,Sábado,5,Março,3,2024,15,12,23
2024-03-23,2024-03-23 15:49:33.813,15:49,Cartão,33.8,Americano with Milk,Sábado,5,Março,3,2024,15,12,23
2024-03-23,2024-03-23 16:00:58.386,16:00,Cartão,28.9,Cortado,Sábado,5,Março,3,2024,16,12,23
2024-03-24,2024-03-24 10:03:56.005,10:03,Dinheiro,40.0,Latte,Domingo,6,Março,3,2024,10,12,24
2024-03-24,2024-03-24 18:45:08.397,18:45,Cartão,38.7,Latte,Domingo,6,Março,3,2024,18,12,24
2024-03-25,2024-03-25 10:31:47.250,10:31,Cartão,38.7,Latte,Segunda-feira,0,Março,3,2024,10,13,25
2024-03-25,2024-03-25 11:16:25.671,11:16,Dinheiro,35.0,Americano with Milk,Segunda-feira,0,Março,3,2024,11,13,25
2024-03-25,2024-03-25 14:27:09.163,14:27,Cartão,38.7,Latte,Segunda-feira,0,Março,3,2024,14,13,25
2024-03-25,2024-03-25 14:29:25.343,14:29,Cartão,38.7,Latte,Segunda-feira,0,Março,3,2024,14,13,25
2024-03-25,2024-03-25 18:37:30.650,18:37,Cartão,33.8,Americano with Milk,Segunda-feira,0,Março,3,2024,18,13,25
2024-03-25,2024-03-25 19:34:24.542,19:34,Cartão,38.7,Cappuccino,Segunda-feira,0,Março,3,2024,19,13,25
2024-03-26,2024-03-26 10:35:49.679,10:35,Cartão,38.7,Cocoa,Terça-feira,1,Março,3,2024,10,13,26
2024-03-26,2024-03-26 10:36:36.151,10:36,Cartão,38.7,Latte,Terça-feira,1,Março,3,2024,10,13,26
2024-03-26,2024-03-26 10:42:30.170,10:42,Cartão,38.7,Latte,Terça-feira,1,Março,3,2024,10,13,26
2024-03-26,2024-03-26 11:11:47.335,11:11,Cartão,28.9,Cortado,Terça-feira,1,Março,3,2024,11,13,26
2024-03-26,2024-03-26 13:35:52.773,13:35,Cartão,28.9,Americano,Terça-feira,1,Março,3,2024,13,13,26
2024-03-26,2024-03-26 13:36:49.644,13:36,Cartão,28.9,Cortado,Terça-feira,1,Março,3,2024,13,13,26
2024-03-26,2024-03-26 13:37:59.723,13:37,Cartão,28.9,Cortado,Terça-feira,1,Março,3,2024,13,13,26
2024-03-26,2024-03-26 13:57:53.677,13:57,Cartão,28.9,Americano,Terça-feira,1,Março,3,2024,13,13,26
2024-03-26,2024-03-26 15:48:02.270,15:48,Cartão,38.7,Latte,Terça-feira,1,Março,3,2024,15,13,26
2024-03-26,2024-03-26 18:33:38.568,18:33,Cartão,38.7,Latte,Terça-feira,1,Março,3,2024,18,13,26
2024-03-26,2024-03-26 18:34:54.648,18:34,Cartão,38.7,Hot Chocolate,Terça-feira,1,Março,3,2024,18,13,26
2024-03-27,2024-03-27 11:04:51.174,11:04,Cartão,28.9,Cortado,Quarta-feira,2,Março,3,2024,11,13,27
2024-03-27,2024-03-27 11:05:58.236,11:05,Cartão,33.8,Americano with Milk,Quarta-feira,2,Março,3,2024,11,13,27
2024-03-27,2024-03-27 12:57:00.462,12:57,Cartão,33.8,Americano with Milk,Quarta-feira,2,Março,3,2024,12,13,27
2024-03-27,2024-03-27 13:35:20.039,13:35,Cartão,38.7,Hot Chocolate,Quarta-feira,2,Março,3,2024,13,13,27
2024-03-27,2024-03-27 14:22:31.662,14:22,Cartão,38.7,Cappuccino,Quarta-feira,2,Março,3,2024,14,13,27
2024-03-27,2024-03-27 14:23:35.380,14:23,Cartão,28.9,Americano,Quarta-feira,2,Março,3,2024,14,13,27
2024-03-27,2024-03-27 18:30:11.833,18:30,Cartão,28.9,Cortado,Quarta-feira,2,Março,3,2024,18,13,27
2024-03-27,2024-03-27 19:31:12.442,19:31,Dinheiro,40.0,Latte,Quarta-feira,2,Março,3,2024,19,13,27
2024-03-28,2024-03-28 14:24:47.092,14:24,Cartão,28.9,Cortado,Quinta-feira,3,Março,3,2024,14,13,28
2024-03-28,2024-03-28 17:24:46.244,17:24,Cartão,28.9,Cortado,Quinta-feira,3,Março,3,2024,17,13,28
2024-03-28,2024-03-28 17:27:05.304,17:27,Cartão,28.9,Americano,Quinta-feira,3,Março,3,2024,17,13,28
2024-03-28,2024-03-28 17:32:44.652,17:32,Cartão,38.7,Latte,Quinta-feira,3,Março,3,2024,17,13,28
2024-03-29,2024-03-29 10:56:19.495,10:56,Cartão,38.7,Latte,Sexta-feira,4,Março,3,2024,10,13,29
2024-03-29,2024-03-29 12:34:17.383,12:34,Cartão,38.7,Cappuccino,Sexta-feira,4,Março,3,2024,12,13,29
2024-03-29,2024-03-29 12:41:32.125,12:41,Cartão,38.7,Cappuccino,Sexta-feira,4,Março,3,2024,12,13,29
2024-03-29,2024-03-29 13:22:44.618,13:22,Dinheiro,40.0,Cappuccino,Sexta-feira,4,Março,3,2024,13,13,29
2024-03-30,2024-03-30 11:59:19.854,11:59,Cartão,38.7,Latte,Sábado,5,Março,3,2024,11,13,30
2024-03-30,2024-03-30 13:49:25.815,13:49,Dinheiro,40.0,Cappuccino,Sábado,5,Março,3,2024,13,13,30
2024-03-30,2024-03-30 16:12:31.786,16:12,Cartão,38.7,Latte,Sábado,5,Março,3,2024,16,13,30
2024-03-30,2024-03-30 16:36:40.513,16:36,Cartão,38.7,Latte,Sábado,5,Março,3,2024,16,13,30
2024-03-30,2024-03-30 16:37:57.553,16:37,Cartão,33.8,Americano with Milk,Sábado,5,Março,3,2024,16,13,30
2024-03-31,2024-03-31 10:40:04.523,10:40,Cartão,38.7,Cappuccino,Domingo,6,Março,3,2024,10,13,31
2024-03-31,2024-03-31 19:36:45.000,19:36,Dinheiro,30.0,Americano,Domingo,6,Março,3,2024,19,13,31
2024-04-01,2024-04-01 10:28:47.601,10:28,Cartão,28.9,Americano,Segunda-feira,0,Abril,4,2024,10,14,1
2024-04-01,2024-04-01 10:29:42.318,10:29,Cartão,33.8,Americano with Milk,Segunda-feira,0,Abril,4,2024,10,14,1
2024-04-01,2024-04-01 10:30:43.735,10:30,Cartão,33.8,Americano with Milk,Segunda-feira,0,Abril,4,2024,10,14,1
2024-04-01,2024-04-01 11:15:43.836,11:15,Cartão,33.8,Americano with Milk,Segunda-feira,0,Abril,4,2024,11,14,1
2024-04-01,2024-04-01 17:01:42.924,17:01,Dinheiro,40.0,Cappuccino,Segunda-feira,0,Abril,4,2024,17,14,1
2024-04-01,2024-04-01 18:18:42.372,18:18,Cartão,33.8,Americano with Milk,Segunda-feira,0,Abril,4,2024,18,14,1
2024-04-01,2024-04-01 18:45:27.436,18:45,Cartão,38.7,Hot Chocolate,Segunda-feira,0,Abril,4,2024,18,14,1
2024-04-02,2024-04-02 10:01:14.022,10:01,Cartão,38.7,Latte,Terça-feira,1,Abril,4,2024,10,14,2
2024-04-02,2024-04-02 16:18:34.169,16:18,Cartão,28.9,Americano,Terça-feira,1,Abril,4,2024,16,14,2
2024-04-02,2024-04-02 16:19:28.460,16:19,Cartão,28.9,Cortado,Terça-feira,1,Abril,4,2024,16,14,2
2024-04-02,2024-04-02 19:59:31.942,19:59,Dinheiro,40.0,Cappuccino,Terça-feira,1,Abril,4,2024,19,14,2
2024-04-03,2024-04-03 10:19:13.644,10:19,Cartão,28.9,Cortado,Quarta-feira,2,Abril,4,2024,10,14,3
2024-04-03,2024-04-03 10:20:07.655,10:20,Cartão,28.9,Americano,Quarta-feira,2,Abril,4,2024,10,14,3
2024-04-03,2024-04-03 13:12:05.367,13:12,Cartão,38.7,Cappuccino,Quarta-feira,2,Abril,4,2024,13,14,3
2024-04-03,2024-04-03 15:36:11.735,15:36,Dinheiro,30.0,Cortado,Quarta-feira,2,Abril,4,2024,15,14,3
2024-04-04,2024-04-04 10:44:55.988,10:44,Cartão,38.7,Latte,Quinta-feira,3,Abril,4,2024,10,14,4
2024-04-04,2024-04-04 11:26:38.085,11:26,Cartão,38.7,Latte,Quinta-feira,3,Abril,4,2024,11,14,4
2024-04-04,2024-04-04 11:27:48.411,11:27,Cartão,38.7,Cappuccino,Quinta-feira,3,Abril,4,2024,11,14,4
2024-04-04,2024-04-04 12:23:02.216,12:23,Cartão,28.9,Cortado,Quinta-feira,3,Abril,4,2024,12,14,4
2024-04-04,2024-04-04 19:42:07.740,19:42,Dinheiro,40.0,Latte,Quinta-feira,3,Abril,4,2024,19,14,4
2024-04-05,2024-04-05 10:40:42.728,10:40,Cartão,28.9,Americano,Sexta-feira,4,Abril,4,2024,10,14,5
2024-04-05,2024-04-05 10:42:06.204,10:42,Cartão,28.9,Americano,Sexta-feira,4,Abril,4,2024,10,14,5
2024-04-05,2024-04-05 11:06:14.643,11:06,Cartão,28.9,Cortado,Sexta-feira,4,Abril,4,2024,11,14,5
2024-04-05,2024-04-05 12:14:27.975,12:14,Cartão,33.8,Americano with Milk,Sexta-feira,4,Abril,4,2024,12,14,5
2024-04-05,2024-04-05 14:23:40.387,14:23,Cartão,38.7,Latte,Sexta-feira,4,Abril,4,2024,14,14,5
2024-04-05,2024-04-05 14:24:50.417,14:24,Cartão,28.9,Cortado,Sexta-feira,4,Abril,4,2024,14,14,5
2024-04-05,2024-04-05 15:30:50.383,15:30,Dinheiro,40.0,Latte,Sexta-feira,4,Abril,4,2024,15,14,5
2024-04-05,2024-04-05 15:54:15.768,15:54,Dinheiro,40.0,Cappuccino,Sexta-feira,4,Abril,4,2024,15,14,5
2024-04-05,2024-04-05 15:55:30.947,15:55,Dinheiro,30.0,Americano,Sexta-feira,4,Abril,4,2024,15,14,5
2024-04-05,2024-04-05 16:17:43.975,16:17,Dinheiro,40.0,Cocoa,Sexta-feira,4,Abril,4,2024,16,14,5
2024-04-05,2024-04-05 16:18:23.558,16:18,Cartão,24.0,Espresso,Sexta-feira,4,Abril,4,2024,16,14,5
2024-04-06,2024-04-06 12:32:31.398,12:32,Cartão,33.8,Americano with Milk,Sábado,5,Abril,4,2024,12,14,6
2024-04-06,2024-04-06 14:13:18.733,14:13,Cartão,38.7,Cappuccino,Sábado,5,Abril,4,2024,14,14,6
2024-04-06,2024-04-06 14:14:27.029,14:14,Cartão,28.9,Americano,Sábado,5,Abril,4,2024,14,14,6
2024-04-06,2024-04-06 14:49:50.183,14:49,Cartão,38.7,Latte,Sábado,5,Abril,4,2024,14,14,6
2024-04-07,2024-04-07 10:12:53.204,10:12,Cartão,38.7,Latte,Domingo,6,Abril,4,2024,10,14,7
2024-04-07,2024-04-07 12:44:31.936,12:44,Cartão,38.7,Cappuccino,Domingo,6,Abril,4,2024,12,14,7
2024-04-07,2024-04-07 12:46:05.118,12:46,Cartão,38.7,Cappuccino,Domingo,6,Abril,4,2024,12,14,7
2024-04-07,2024-04-07 14:16:24.949,14:16,Cartão,28.9,Cortado,Domingo,6,Abril,4,2024,14,14,7
2024-04-07,2024-04-07 14:17:30.628,14:17,Cartão,24.0,Espresso,Domingo,6,Abril,4,2024,14,14,7
2024-04-07,2024-04-07 18:01:16.608,18:01,Cartão,38.7,Hot Chocolate,Domingo,6,Abril,4,2024,18,14,7
2024-04-07,2024-04-07 18:02:03.878,18:02,Cartão,33.8,Americano with Milk,Domingo,6,Abril,4,2024,18,14,7
2024-04-08,2024-04-08 10:58:21.106,10:58,Cartão,33.8,Americano with Milk,Segunda-feira,0,Abril,4,2024,10,15,8
2024-04-08,2024-04-08 10:59:27.558,10:59,Cartão,38.7,Cappuccino,Segunda-feira,0,Abril,4,2024,10,15,8
2024-04-08,2024-04-08 11:01:20.464,11:01,Cartão,28.9,Americano,Segunda-feira,0,Abril,4,2024,11,15,8
2024-04-08,2024-04-08 11:04:47.030,11:04,Cartão,38.7,Cappuccino,Segunda-feira,0,Abril,4,2024,11,15,8
2024-04-08,2024-04-08 12:54:25.897,12:54,Dinheiro,25.0,Espresso,Segunda-feira,0,Abril,4,2024,12,15,8
2024-04-08,2024-04-08 15:43:36.881,15:43,Dinheiro,35.0,Americano with Milk,Segunda-feira,0,Abril,4,2024,15,15,8
2024-04-08,2024-04-08 16:41:37.806,16:41,Cartão,38.7,Latte,Segunda-feira,0,Abril,4,2024,16,15,8
2024-04-08,2024-04-08 18:18:09.713,18:18,Cartão,28.9,Americano,Segunda-feira,0,Abril,4,2024,18,15,8
2024-04-08,2024-04-08 19:22:27.477,19:22,Cartão,33.8,Americano with Milk,Segunda-feira,0,Abril,4,2024,19,15,8
2024-04-08,2024-04-08 19:23:59.268,19:23,Cartão,38.7,Cappuccino,Segunda-feira,0,Abril,4,2024,19,15,8
2024-04-09,2024-04-09 10:22:27.359,10:22,Dinheiro,40.0,Cappuccino,Terça-feira,1,Abril,4,2024,10,15,9
2024-04-09,2024-04-09 10:24:10.103,10:24,Dinheiro,30.0,Americano,Terça-feira,1,Abril,4,2024,10,15,9
2024-04-09,2024-04-09 11:42:28.468,11:42,Cartão,38.7,Latte,Terça-feira,1,Abril,4,2024,11,15,9
2024-04-09,2024-04-09 15:11:48.720,15:11,Cartão,38.7,Hot Chocolate,Terça-feira,1,Abril,4,2024,15,15,9
2024-04-09,2024-04-09 17:25:23.936,17:25,Cartão,38.7,Hot Chocolate,Terça-feira,1,Abril,4,2024,17,15,9
2024-04-10,2024-04-10 10:21:26.175,10:21,Dinheiro,25.0,Espresso,Quarta-feira,2,Abril,4,2024,10,15,10
2024-04-10,2024-04-10 17:55:07.018,17:55,Dinheiro,40.0,Hot Chocolate,Quarta-feira,2,Abril,4,2024,17,15,10
2024-04-10,2024-04-10 17:55:31.244,17:55,Cartão,24.0,Espresso,Quarta-feira,2,Abril,4,2024,17,15,10
2024-04-10,2024-04-10 18:24:59.290,18:24,Cartão,38.7,Cappuccino,Quarta-feira,2,Abril,4,2024,18,15,10
2024-04-10,2024-04-10 20:04:05.386,20:04,Cartão,38.7,Latte,Quarta-feira,2,Abril,4,2024,20,15,10
2024-04-11,2024-04-11 10:41:23.155,10:41,Cartão,28.9,Americano,Quinta-feira,3,Abril,4,2024,10,15,11
2024-04-11,2024-04-11 10:42:59.365,10:42,Cartão,28.9,Americano,Quinta-feira,3,Abril,4,2024,10,15,11
2024-04-11,2024-04-11 16:35:23.069,16:35,Cartão,38.7,Latte,Quinta-feira,3,Abril,4,2024,16,15,11
2024-04-11,2024-04-11 19:16:56.588,19:16,Cartão,38.7,Cappuccino,Quinta-feira,3,Abril,4,2024,19,15,11
2024-04-11,2024-04-11 19:18:36.619,19:18,Cartão,33.8,Americano with Milk,Quinta-feira,3,Abril,4,2024,19,15,11
2024-04-12,2024-04-12 19:03:43.403,19:03,Cartão,38.7,Hot Chocolate,Sexta-feira,4,Abril,4,2024,19,15,12
2024-04-12,2024-04-12 19:38:23.189,19:38,Cartão,28.9,Cortado,Sexta-feira,4,Abril,4,2024,19,15,12
2024-04-13,2024-04-13 12:29:19.823,12:29,Cartão,38.7,Latte,Sábado,5,Abril,4,2024,12,15,13
2024-04-13,2024-04-13 12:43:02.389,12:43,Cartão,28.9,Americano,Sábado,5,Abril,4,2024,12,15,13
2024-04-13,2024-04-13 15:06:52.292,15:06,Dinheiro,40.0,Hot Chocolate,Sábado,5,Abril,4,2024,15,15,13
2024-04-13,2024-04-13 15:07:55.966,15:07,Dinheiro,40.0,Hot Chocolate,Sábado,5,Abril,4,2024,15,15,13
2024-04-13,2024-04-13 16:18:03.938,16:18,Cartão,38.7,Cappuccino,Sábado,5,Abril,4,2024,16,15,13
2024-04-13,2024-04-13 16:19:39.799,16:19,Cartão,38.7,Latte,Sábado,5,Abril,4,2024,16,15,13
2024-04-13,2024-04-13 17:51:26.026,17:51,Cartão,38.7,Cappuccino,Sábado,5,Abril,4,2024,17,15,13
2024-04-13,2024-04-13 17:53:19.237,17:53,Cartão,38.7,Cappuccino,Sábado,5,Abril,4,2024,17,15,13
2024-04-14,2024-04-14 10:55:27.406,10:55,Dinheiro,40.0,Latte,Domingo,6,Abril,4,2024,10,15,14
2024-04-14,2024-04-14 12:24:39.028,12:24,Cartão,38.7,Cappuccino,Domingo,6,Abril,4,2024,12,15,14
2024-04-14,2024-04-14 12:27:08.951,12:27,Dinheiro,30.0,Cortado,Domingo,6,Abril,4,2024,12,15,14
2024-04-14,2024-04-14 12:29:06.877,12:29,Dinheiro,30.0,Cortado,Domingo,6,Abril,4,2024,12,15,14
2024-04-14,2024-04-14 12:31:36.036,12:31,Dinheiro,35.0,Americano with Milk,Domingo,6,Abril,4,2024,12,15,14
2024-04-14,2024-04-14 13:21:49.808,13:21,Cartão,28.9,Cortado,Domingo,6,Abril,4,2024,13,15,14
2024-04-14,2024-04-14 14:23:31.631,14:23,Cartão,28.9,Americano,Domingo,6,Abril,4,2024,14,15,14
2024-04-14,2024-04-14 14:24:26.930,14:24,Cartão,28.9,Americano,Domingo,6,Abril,4,2024,14,15,14
2024-04-14,2024-04-14 14:25:18.122,14:25,Cartão,28.9,Americano,Domingo,6,Abril,4,2024,14,15,14
2024-04-14,2024-04-14 15:46:27.733,15:46,Cartão,38.7,Cappuccino,Domingo,6,Abril,4,2024,15,15,14
2024-04-14,2024-04-14 16:59:54.823,16:59,Cartão,28.9,Cortado,Domingo,6,Abril,4,2024,16,15,14
2024-04-14,2024-04-14 17:00:45.387,17:00,Cartão,38.7,Latte,Domingo,6,Abril,4,2024,17,15,14
2024-04-14,2024-04-14 18:38:19.649,18:38,Cartão,38.7,Cappuccino,Domingo,6,Abril,4,2024,18,15,14
2024-04-15,2024-04-15 11:45:24.619,11:45,Cartão,28.9,Americano,Segunda-feira,0,Abril,4,2024,11,16,15
2024-04-15,2024-04-15 17:01:46.359,17:01,Cartão,28.9,Americano,Segunda-feira,0,Abril,4,2024,17,16,15
2024-04-15,2024-04-15 17:02:49.748,17:02,Cartão,33.8,Americano with Milk,Segunda-feira,0,Abril,4,2024,17,16,15
2024-04-15,2024-04-15 19:33:03.036,19:33,Cartão,33.8,Americano with Milk,Segunda-feira,0,Abril,4,2024,19,16,15
2024-04-15,2024-04-15 19:41:58.112,19:41,Dinheiro,25.0,Espresso,Segunda-feira,0,Abril,4,2024,19,16,15
2024-04-16,2024-04-16 10:43:49.907,10:43,Dinheiro,35.0,Americano with Milk,Terça-feira,1,Abril,4,2024,10,16,16
2024-04-16,2024-04-16 10:46:25.706,10:46,Cartão,33.8,Americano with Milk,Terça-feira,1,Abril,4,2024,10,16,16
2024-04-16,2024-04-16 12:40:47.675,12:40,Cartão,38.7,Cocoa,Terça-feira,1,Abril,4,2024,12,16,16
2024-04-16,2024-04-16 12:52:07.750,12:52,Cartão,28.9,Cortado,Terça-feira,1,Abril,4,2024,12,16,16
2024-04-16,2024-04-16 15:03:16.889,15:03,Cartão,28.9,Americano,Terça-feira,1,Abril,4,2024,15,16,16
2024-04-16,2024-04-16 17:42:04.208,17:42,Cartão,33.8,Americano with Milk,Terça-feira,1,Abril,4,2024,17,16,16
2024-04-16,2024-04-16 17:43:22.960,17:43,Cartão,38.7,Cappuccino,Terça-feira,1,Abril,4,2024,17,16,16
2024-04-16,2024-04-16 18:09:05.273,18:09,Cartão,38.7,Cocoa,Terça-feira,1,Abril,4,2024,18,16,16
2024-04-17,2024-04-17 13:32:59.792,13:32,Cartão,28.9,Americano,Quarta-feira,2,Abril,4,2024,13,16,17
2024-04-17,2024-04-17 13:44:00.181,13:44,Cartão,24.0,Espresso,Quarta-feira,2,Abril,4,2024,13,16,17
2024-04-17,2024-04-17 16:13:24.310,16:13,Dinheiro,40.0,Cappuccino,Quarta-feira,2,Abril,4,2024,16,16,17
2024-04-17,2024-04-17 17:01:35.149,17:01,Cartão,38.7,Cappuccino,Quarta-feira,2,Abril,4,2024,17,16,17
2024-04-17,2024-04-17 17:02:40.687,17:02,Cartão,38.7,Cappuccino,Quarta-feira,2,Abril,4,2024,17,16,17
2024-04-17,2024-04-17 18:14:03.229,18:14,Cartão,28.9,Cortado,Quarta-feira,2,Abril,4,2024,18,16,17
2024-04-18,2024-04-18 11:19:01.693,11:19,Cartão,28.9,Americano,Quinta-feira,3,Abril,4,2024,11,16,18
2024-04-18,2024-04-18 11:20:05.696,11:20,Cartão,28.9,Americano,Quinta-feira,3,Abril,4,2024,11,16,18
2024-04-18,2024-04-18 13:49:12.720,13:49,Cartão,33.8,Americano with Milk,Quinta-feira,3,Abril,4,2024,13,16,18
2024-04-18,2024-04-18 13:50:17.285,13:50,Cartão,28.9,Cortado,Quinta-feira,3,Abril,4,2024,13,16,18
2024-04-18,2024-04-18 14:34:19.818,14:34,Cartão,38.7,Cappuccino,Quinta-feira,3,Abril,4,2024,14,16,18
2024-04-18,2024-04-18 14:35:49.354,14:35,Cartão,38.7,Latte,Quinta-feira,3,Abril,4,2024,14,16,18
2024-04-18,2024-04-18 17:44:15.791,17:44,Cartão,38.7,Latte,Quinta-feira,3,Abril,4,2024,17,16,18
2024-04-18,2024-04-18 18:21:05.945,18:21,Cartão,38.7,Cappuccino,Quinta-feira,3,Abril,4,2024,18,16,18
2024-04-18,2024-04-18 19:39:51.193,19:39,Cartão,38.7,Hot Chocolate,Quinta-feira,3,Abril,4,2024,19,16,18
2024-04-18,2024-04-18 19:40:48.954,19:40,Cartão,38.7,Hot Chocolate,Quinta-feira,3,Abril,4,2024,19,16,18
2024-04-19,2024-04-19 10:10:36.254,10:10,Cartão,38.7,Latte,Sexta-feira,4,Abril,4,2024,10,16,19
2024-04-19,2024-04-19 13:11:47.848,13:11,Cartão,33.8,Americano with Milk,Sexta-feira,4,Abril,4,2024,13,16,19
2024-04-19,2024-04-19 13:13:20.876,13:13,Cartão,38.7,Cappuccino,Sexta-feira,4,Abril,4,2024,13,16,19
2024-04-19,2024-04-19 13:58:54.064,13:58,Cartão,38.7,Hot Chocolate,Sexta-feira,4,Abril,4,2024,13,16,19
2024-04-19,2024-04-19 13:59:49.690,13:59,Cartão,38.7,Cappuccino,Sexta-feira,4,Abril,4,2024,13,16,19
2024-04-19,2024-04-19 18:23:19.311,18:23,Cartão,38.7,Cocoa,Sexta-feira,4,Abril,4,2024,18,16,19
2024-04-19,2024-04-19 18:25:33.440,18:25,Cartão,33.8,Americano with Milk,Sexta-feira,4,Abril,4,2024,18,16,19
2024-04-20,2024-04-20 11:24:42.681,11:24,Dinheiro,35.0,Americano with Milk,Sábado,5,Abril,4,2024,11,16,20
2024-04-20,2024-04-20 12:08:35.701,12:08,Cartão,33.8,Americano with Milk,Sábado,5,Abril,4,2024,12,16,20
2024-04-20,2024-04-20 12:09:42.664,12:09,Cartão,33.8,Americano with Milk,Sábado,5,Abril,4,2024,12,16,20
2024-04-20,2024-04-20 13:08:37.378,13:08,Cartão,28.9,Americano,Sábado,5,Abril,4,2024,13,16,20
2024-04-20,2024-04-20 13:09:47.905,13:09,Cartão,33.8,Americano with Milk,Sábado,5,Abril,4,2024,13,16,20
2024-04-20,2024-04-20 13:10:55.151,13:10,Cartão,38.7,Hot Chocolate,Sábado,5,Abril,4,2024,13,16,20
2024-04-20,2024-04-20 14:44:18.118,14:44,Cartão,38.7,Cappuccino,Sábado,5,Abril,4,2024,14,16,20
2024-04-20,2024-04-20 15:11:00.330,15:11,Cartão,33.8,Americano with Milk,Sábado,5,Abril,4,2024,15,16,20
2024-04-20,2024-04-20 15:22:40.717,15:22,Cartão,32.82,Americano with Milk,Sábado,5,Abril,4,2024,15,16,20
2024-04-20,2024-04-20 15:49:25.148,15:49,Cartão,32.82,Americano with Milk,Sábado,5,Abril,4,2024,15,16,20
2024-04-20,2024-04-20 17:07:57.969,17:07,Dinheiro,39.0,Cocoa,Sábado,5,Abril,4,2024,17,16,20
2024-04-20,2024-04-20 18:27:41.496,18:27,Cartão,37.72,Cappuccino,Sábado,5,Abril,4,2024,18,16,20
2024-04-20,2024-04-20 18:28:46.900,18:28,Cartão,37.72,Cappuccino,Sábado,5,Abril,4,2024,18,16,20
2024-04-20,2024-04-20 19:30:55.317,19:30,Cartão,37.72,Latte,Sábado,5,Abril,4,2024,19,16,20
2024-04-21,2024-04-21 11:16:45.707,11:16,Cartão,37.72,Latte,Domingo,6,Abril,4,2024,11,16,21
2024-04-21,2024-04-21 14:15:37.541,14:15,Cartão,27.92,Americano,Domingo,6,Abril,4,2024,14,16,21
2024-04-21,2024-04-21 17:09:03.199,17:09,Dinheiro,39.0,Cappuccino,Domingo,6,Abril,4,2024,17,16,21
2024-04-22,2024-04-22 11:09:16.412,11:09,Cartão,27.92,Americano,Segunda-feira,0,Abril,4,2024,11,17,22
2024-04-22,2024-04-22 11:29:27.099,11:29,Cartão,32.82,Americano with Milk,Segunda-feira,0,Abril,4,2024,11,17,22
2024-04-22,2024-04-22 18:40:33.024,18:40,Dinheiro,39.0,Latte,Segunda-feira,0,Abril,4,2024,18,17,22
2024-04-22,2024-04-22 19:39:04.759,19:39,Cartão,37.72,Latte,Segunda-feira,0,Abril,4,2024,19,17,22
2024-04-22,2024-04-22 20:02:29.165,20:02,Dinheiro,39.0,Cappuccino,Segunda-feira,0,Abril,4,2024,20,17,22
2024-04-23,2024-04-23 14:22:35.995,14:22,Cartão,37.72,Cappuccino,Terça-feira,1,Abril,4,2024,14,17,23
2024-04-23,2024-04-23 14:23:53.144,14:23,Cartão,32.82,Americano with Milk,Terça-feira,1,Abril,4,2024,14,17,23
2024-04-23,2024-04-23 14:24:57.515,14:24,Cartão,37.72,Cappuccino,Terça-feira,1,Abril,4,2024,14,17,23
2024-04-23,2024-04-23 19:42:27.765,19:42,Cartão,32.82,Americano with Milk,Terça-feira,1,Abril,4,2024,19,17,23
2024-04-23,2024-04-23 19:43:26.234,19:43,Cartão,32.82,Americano with Milk,Terça-feira,1,Abril,4,2024,19,17,23
2024-04-24,2024-04-24 10:19:38.346,10:19,Cartão,37.72,Latte,Quarta-feira,2,Abril,4,2024,10,17,24
2024-04-24,2024-04-24 10:21:27.287,10:21,Cartão,32.82,Americano with Milk,Quarta-feira,2,Abril,4,2024,10,17,24
2024-04-24,2024-04-24 11:23:46.102,11:23,Cartão,32.82,Americano with Milk,Quarta-feira,2,Abril,4,2024,11,17,24
2024-04-24,2024-04-24 11:33:26.347,11:33,Cartão,32.82,Americano with Milk,Quarta-feira,2,Abril,4,2024,11,17,24
2024-04-24,2024-04-24 12:39:09.298,12:39,Cartão,32.82,Americano with Milk,Quarta-feira,2,Abril,4,2024,12,17,24
2024-04-24,2024-04-24 16:39:07.423,16:39,Cartão,32.82,Americano with Milk,Quarta-feira,2,Abril,4,2024,16,17,24
2024-04-24,2024-04-24 19:39:49.983,19:39,Cartão,32.82,Americano with Milk,Quarta-feira,2,Abril,4,2024,19,17,24
2024-04-24,2024-04-24 19:40:54.031,19:40,Cartão,37.72,Cappuccino,Quarta-feira,2,Abril,4,2024,19,17,24
2024-04-25,2024-04-25 10:46:08.057,10:46,Cartão,27.92,Americano,Quinta-feira,3,Abril,4,2024,10,17,25
2024-04-25,2024-04-25 15:18:26.971,15:18,Cartão,37.72,Latte,Quinta-feira,3,Abril,4,2024,15,17,25
2024-04-25,2024-04-25 17:09:43.534,17:09,Cartão,27.92,Americano,Quinta-feira,3,Abril,4,2024,17,17,25
2024-04-25,2024-04-25 17:10:49.153,17:10,Cartão,27.92,Americano,Quinta-feira,3,Abril,4,2024,17,17,25
2024-04-26,2024-04-26 10:12:50.618,10:12,Cartão,37.72,Latte,Sexta-feira,4,Abril,4,2024,10,17,26
2024-04-26,2024-04-26 12:01:30.580,12:01,Cartão,37.72,Latte,Sexta-feira,4,Abril,4,2024,12,17,26
2024-04-26,2024-04-26 13:31:28.297,13:31,Cartão,37.72,Cappuccino,Sexta-feira,4,Abril,4,2024,13,17,26
2024-04-26,2024-04-26 15:32:35.390,15:32,Cartão,27.92,Americano,Sexta-feira,4,Abril,4,2024,15,17,26
2024-04-26,2024-04-26 15:33:33.132,15:33,Cartão,27.92,Americano,Sexta-feira,4,Abril,4,2024,15,17,26
2024-04-26,2024-04-26 16:23:26.514,16:23,Cartão,27.92,Cortado,Sexta-feira,4,Abril,4,2024,16,17,26
2024-04-26,2024-04-26 16:24:33.800,16:24,Cartão,27.92,Americano,Sexta-feira,4,Abril,4,2024,16,17,26
2024-04-26,2024-04-26 19:32:07.112,19:32,Cartão,37.72,Hot Chocolate,Sexta-feira,4,Abril,4,2024,19,17,26
2024-04-26,2024-04-26 19:33:30.220,19:33,Cartão,37.72,Cocoa,Sexta-feira,4,Abril,4,2024,19,17,26
2024-04-27,2024-04-27 15:27:00.680,15:27,Cartão,37.72,Cappuccino,Sábado,5,Abril,4,2024,15,17,27
2024-04-28,2024-04-28 10:32:52.479,10:32,Cartão,37.72,Latte,Domingo,6,Abril,4,2024,10,17,28
2024-04-28,2024-04-28 12:30:09.749,12:30,Cartão,37.72,Cappuccino,Domingo,6,Abril,4,2024,12,17,28
2024-04-28,2024-04-28 18:27:08.230,18:27,Cartão,27.92,Americano,Domingo,6,Abril,4,2024,18,17,28
2024-04-28,2024-04-28 18:28:11.411,18:28,Cartão,27.92,Americano,Domingo,6,Abril,4,2024,18,17,28
2024-04-28,2024-04-28 18:29:02.374,18:29,Cartão,37.72,Latte,Domingo,6,Abril,4,2024,18,17,28
2024-04-29,2024-04-29 11:26:31.871,11:26,Cartão,27.92,Cortado,Segunda-feira,0,Abril,4,2024,11,18,29
2024-04-29,2024-04-29 13:27:56.949,13:27,Cartão,27.92,Americano,Segunda-feira,0,Abril,4,2024,13,18,29
2024-04-29,2024-04-29 13:28:53.899,13:28,Cartão,27.92,Cortado,Segunda-feira,0,Abril,4,2024,13,18,29
2024-04-29,2024-04-29 13:53:35.730,13:53,Cartão,27.92,Cortado,Segunda-feira,0,Abril,4,2024,13,18,29
2024-04-29,2024-04-29 13:54:24.357,13:54,Cartão,32.82,Americano with Milk,Segunda-feira,0,Abril,4,2024,13,18,29
2024-04-29,2024-04-29 18:37:48.406,18:37,Cartão,37.72,Cappuccino,Segunda-feira,0,Abril,4,2024,18,18,29
2024-04-29,2024-04-29 19:12:33.194,19:12,Cartão,37.72,Cappuccino,Segunda-feira,0,Abril,4,2024,19,18,29
2024-04-29,2024-04-29 19:13:37.878,19:13,Cartão,37.72,Cappuccino,Segunda-feira,0,Abril,4,2024,19,18,29
2024-04-30,2024-04-30 10:16:41.493,10:16,Cartão,37.72,Latte,Terça-feira,1,Abril,4,2024,10,18,30
2024-04-30,2024-04-30 10:34:52.250,10:34,Cartão,32.82,Americano with Milk,Terça-feira,1,Abril,4,2024,10,18,30
2024-04-30,2024-04-30 10:35:47.617,10:35,Cartão,32.82,Americano with Milk,Terça-feira,1,Abril,4,2024,10,18,30
2024-04-30,2024-04-30 13:41:52.325,13:41,Cartão,27.92,Americano,Terça-feira,1,Abril,4,2024,13,18,30
2024-04-30,2024-04-30 13:42:59.977,13:42,Cartão,32.82,Americano with Milk,Terça-feira,1,Abril,4,2024,13,18,30
2024-04-30,2024-04-30 19:19:18.139,19:19,Cartão,37.72,Cappuccino,Terça-feira,1,Abril,4,2024,19,18,30
2024-04-30,2024-04-30 19:30:04.003,19:30,Cartão,32.82,Americano with Milk,Terça-feira,1,Abril,4,2024,19,18,30
2024-04-30,2024-04-30 19:31:20.952,19:31,Cartão,37.72,Latte,Terça-feira,1,Abril,4,2024,19,18,30
2024-05-02,2024-05-02 10:33:55.746,10:33,Cartão,27.92,Americano,Quinta-feira,3,Maio,5,2024,10,18,2
2024-05-02,2024-05-02 11:29:57.080,11:29,Dinheiro,39.0,Latte,Quinta-feira,3,Maio,5,2024,11,18,2
2024-05-02,2024-05-02 13:49:39.898,13:49,Cartão,32.82,Americano with Milk,Quinta-feira,3,Maio,5,2024,13,18,2
2024-05-02,2024-05-02 18:36:22.138,18:36,Cartão,37.72,Cappuccino,Quinta-feira,3,Maio,5,2024,18,18,2
2024-05-02,2024-05-02 18:41:11.220,18:41,Cartão,32.82,Americano with Milk,Quinta-feira,3,Maio,5,2024,18,18,2
2024-05-02,2024-05-02 19:18:33.084,19:18,Cartão,37.72,Latte,Quinta-feira,3,Maio,5,2024,19,18,2
2024-05-02,2024-05-02 19:19:56.359,19:19,Cartão,37.72,Cappuccino,Quinta-feira,3,Maio,5,2024,19,18,2
2024-05-03,2024-05-03 10:11:53.399,10:11,Dinheiro,39.0,Latte,Sexta-feira,4,Maio,5,2024,10,18,3
2024-05-03,2024-05-03 14:30:00.923,14:30,Cartão,37.72,Latte,Sexta-feira,4,Maio,5,2024,14,18,3
2024-05-03,2024-05-03 17:03:24.905,17:03,Cartão,37.72,Latte,Sexta-feira,4,Maio,5,2024,17,18,3
2024-05-06,2024-05-06 10:05:17.920,10:05,Cartão,27.92,Americano,Segunda-feira,0,Maio,5,2024,10,19,6
2024-05-06,2024-05-06 10:06:51.625,10:06,Cartão,37.72,Cappuccino,Segunda-feira,0,Maio,5,2024,10,19,6
2024-05-06,2024-05-06 10:08:05.863,10:08,Cartão,32.82,Americano with Milk,Segunda-feira,0,Maio,5,2024,10,19,6
2024-05-06,2024-05-06 10:09:07.977,10:09,Cartão,27.92,Americano,Segunda-feira,0,Maio,5,2024,10,19,6
2024-05-06,2024-05-06 10:39:12.641,10:39,Cartão,27.92,Cortado,Segunda-feira,0,Maio,5,2024,10,19,6
2024-05-06,2024-05-06 11:34:20.640,11:34,Dinheiro,29.0,Americano,Segunda-feira,0,Maio,5,2024,11,19,6
2024-05-06,2024-05-06 13:18:10.990,13:18,Cartão,27.92,Cortado,Segunda-feira,0,Maio,5,2024,13,19,6
2024-05-06,2024-05-06 13:19:00.811,13:19,Cartão,27.92,Americano,Segunda-feira,0,Maio,5,2024,13,19,6
2024-05-06,2024-05-06 19:18:12.989,19:18,Cartão,37.72,Cappuccino,Segunda-feira,0,Maio,5,2024,19,19,6
2024-05-06,2024-05-06 19:19:49.548,19:19,Cartão,37.72,Cappuccino,Segunda-feira,0,Maio,5,2024,19,19,6
2024-05-07,2024-05-07 10:44:55.582,10:44,Cartão,37.72,Cocoa,Terça-feira,1,Maio,5,2024,10,19,7
2024-05-07,2024-05-07 11:21:58.493,11:21,Cartão,27.92,Cortado,Terça-feira,1,Maio,5,2024,11,19,7
2024-05-07,2024-05-07 13:23:34.943,13:23,Cartão,27.92,Cortado,Terça-feira,1,Maio,5,2024,13,19,7
2024-05-07,2024-05-07 16:42:07.900,16:42,Cartão,37.72,Cocoa,Terça-feira,1,Maio,5,2024,16,19,7
2024-05-07,2024-05-07 16:55:38.805,16:55,Cartão,27.92,Americano,Terça-feira,1,Maio,5,2024,16,19,7
2024-05-07,2024-05-07 17:37:46.412,17:37,Cartão,37.72,Cappuccino,Terça-feira,1,Maio,5,2024,17,19,7
2024-05-07,2024-05-07 17:38:48.195,17:38,Cartão,37.72,Latte,Terça-feira,1,Maio,5,2024,17,19,7
2024-05-07,2024-05-07 18:35:37.235,18:35,Dinheiro,34.0,Americano with Milk,Terça-feira,1,Maio,5,2024,18,19,7
2024-05-07,2024-05-07 19:12:12.524,19:12,Cartão,37.72,Cappuccino,Terça-feira,1,Maio,5,2024,19,19,7
2024-05-07,2024-05-07 19:13:12.195,19:13,Cartão,37.72,Cappuccino,Terça-feira,1,Maio,5,2024,19,19,7
2024-05-08,2024-05-08 10:07:28.863,10:07,Cartão,37.72,Latte,Quarta-feira,2,Maio,5,2024,10,19,8
2024-05-09,2024-05-09 12:54:21.812,12:54,Cartão,37.72,Cappuccino,Quinta-feira,3,Maio,5,2024,12,19,9
2024-05-09,2024-05-09 13:03:58.556,13:03,Cartão,27.92,Americano,Quinta-feira,3,Maio,5,2024,13,19,9
2024-05-09,2024-05-09 13:04:57.647,13:04,Cartão,37.72,Latte,Quinta-feira,3,Maio,5,2024,13,19,9
2024-05-09,2024-05-09 13:06:11.261,13:06,Cartão,37.72,Latte,Quinta-feira,3,Maio,5,2024,13,19,9
2024-05-09,2024-05-09 13:07:16.409,13:07,Cartão,37.72,Latte,Quinta-feira,3,Maio,5,2024,13,19,9
2024-05-09,2024-05-09 16:55:14.601,16:55,Cartão,27.92,Americano,Quinta-feira,3,Maio,5,2024,16,19,9
2024-05-09,2024-05-09 16:56:14.989,16:56,Cartão,27.92,Americano,Quinta-feira,3,Maio,5,2024,16,19,9
2024-05-09,2024-05-09 18:01:29.895,18:01,Cartão,27.92,Americano,Quinta-feira,3,Maio,5,2024,18,19,9
2024-05-09,2024-05-09 18:13:56.226,18:13,Cartão,32.82,Americano with Milk,Quinta-feira,3,Maio,5,2024,18,19,9
2024-05-10,2024-05-10 10:09:21.972,10:09,Dinheiro,39.0,Latte,Sexta-feira,4,Maio,5,2024,10,19,10
2024-05-10,2024-05-10 15:46:21.511,15:46,Cartão,37.72,Latte,Sexta-feira,4,Maio,5,2024,15,19,10
2024-05-10,2024-05-10 15:47:32.508,15:47,Cartão,37.72,Latte,Sexta-feira,4,Maio,5,2024,15,19,10
2024-05-10,2024-05-10 16:20:15.084,16:20,Dinheiro,34.0,Americano with Milk,Sexta-feira,4,Maio,5,2024,16,19,10
2024-05-11,2024-05-11 11:39:52.878,11:39,Cartão,37.72,Latte,Sábado,5,Maio,5,2024,11,19,11
2024-05-11,2024-05-11 17:02:43.648,17:02,Dinheiro,39.0,Latte,Sábado,5,Maio,5,2024,17,19,11
2024-05-11,2024-05-11 17:20:30.398,17:20,Cartão,32.82,Americano with Milk,Sábado,5,Maio,5,2024,17,19,11
2024-05-11,2024-05-11 17:21:56.117,17:21,Cartão,37.72,Cocoa,Sábado,5,Maio,5,2024,17,19,11
2024-05-11,2024-05-11 17:23:57.301,17:23,Cartão,37.72,Cappuccino,Sábado,5,Maio,5,2024,17,19,11
2024-05-11,2024-05-11 17:28:54.132,17:28,Cartão,32.82,Americano with Milk,Sábado,5,Maio,5,2024,17,19,11
2024-05-11,2024-05-11 18:35:40.257,18:35,Cartão,37.72,Cappuccino,Sábado,5,Maio,5,2024,18,19,11
2024-05-11,2024-05-11 19:38:16.096,19:38,Cartão,37.72,Latte,Sábado,5,Maio,5,2024,19,19,11
2024-05-12,2024-05-12 10:20:42.512,10:20,Cartão,37.72,Latte,Domingo,6,Maio,5,2024,10,19,12
2024-05-12,2024-05-12 13:24:03.465,13:24,Cartão,37.72,Latte,Domingo,6,Maio,5,2024,13,19,12
2024-05-12,2024-05-12 13:27:39.043,13:27,Cartão,27.92,Americano,Domingo,6,Maio,5,2024,13,19,12
2024-05-12,2024-05-12 15:16:19.815,15:16,Cartão,37.72,Latte,Domingo,6,Maio,5,2024,15,19,12
2024-05-12,2024-05-12 15:38:02.422,15:38,Cartão,32.82,Americano with Milk,Domingo,6,Maio,5,2024,15,19,12
2024-05-12,2024-05-12 15:52:14.871,15:52,Cartão,32.82,Americano with Milk,Domingo,6,Maio,5,2024,15,19,12
2024-05-12,2024-05-12 16:04:21.133,16:04,Cartão,32.82,Americano with Milk,Domingo,6,Maio,5,2024,16,19,12
2024-05-12,2024-05-12 19:41:30.569,19:41,Cartão,32.82,Americano with Milk,Domingo,6,Maio,5,2024,19,19,12
2024-05-13,2024-05-13 11:03:53.348,11:03,Cartão,32.82,Americano with Milk,Segunda-feira,0,Maio,5,2024,11,20,13
2024-05-13,2024-05-13 15:31:10.763,15:31,Dinheiro,29.0,Americano,Segunda-feira,0,Maio,5,2024,15,20,13
2024-05-13,2024-05-13 15:31:50.907,15:31,Dinheiro,29.0,Americano,Segunda-feira,0,Maio,5,2024,15,20,13
2024-05-14,2024-05-14 08:38:14.581,08:38,Cartão,27.92,Americano,Terça-feira,1,Maio,5,2024,8,20,14
2024-05-14,2024-05-14 08:39:25.455,08:39,Cartão,27.92,Americano,Terça-feira,1,Maio,5,2024,8,20,14
2024-05-14,2024-05-14 08:40:17.484,08:40,Cartão,27.92,Americano,Terça-feira,1,Maio,5,2024,8,20,14
2024-05-14,2024-05-14 10:19:23.174,10:19,Cartão,37.72,Cappuccino,Terça-feira,1,Maio,5,2024,10,20,14
2024-05-14,2024-05-14 11:32:29.372,11:32,Cartão,37.72,Latte,Terça-feira,1,Maio,5,2024,11,20,14
2024-05-14,2024-05-14 11:34:12.851,11:34,Cartão,37.72,Cappuccino,Terça-feira,1,Maio,5,2024,11,20,14
2024-05-14,2024-05-14 14:04:54.580,14:04,Cartão,37.72,Cappuccino,Terça-feira,1,Maio,5,2024,14,20,14
2024-05-14,2024-05-14 14:06:00.378,14:06,Cartão,32.82,Americano with Milk,Terça-feira,1,Maio,5,2024,14,20,14
2024-05-14,2024-05-14 15:01:54.785,15:01,Cartão,27.92,Americano,Terça-feira,1,Maio,5,2024,15,20,14
2024-05-14,2024-05-14 16:57:57.224,16:57,Cartão,32.82,Americano with Milk,Terça-feira,1,Maio,5,2024,16,20,14
2024-05-14,2024-05-14 16:59:10.194,16:59,Cartão,37.72,Cappuccino,Terça-feira,1,Maio,5,2024,16,20,14
2024-05-14,2024-05-14 22:51:25.227,22:51,Cartão,37.72,Hot Chocolate,Terça-feira,1,Maio,5,2024,22,20,14
2024-05-15,2024-05-15 08:40:05.661,08:40,Cartão,37.72,Latte,Quarta-feira,2,Maio,5,2024,8,20,15
2024-05-15,2024-05-15 11:14:19.353,11:14,Cartão,23.02,Espresso,Quarta-feira,2,Maio,5,2024,11,20,15
2024-05-15,2024-05-15 11:19:10.049,11:19,Cartão,27.92,Americano,Quarta-feira,2,Maio,5,2024,11,20,15
2024-05-15,2024-05-15 13:34:35.102,13:34,Cartão,27.92,Americano,Quarta-feira,2,Maio,5,2024,13,20,15
2024-05-15,2024-05-15 13:35:29.171,13:35,Cartão,27.92,Americano,Quarta-feira,2,Maio,5,2024,13,20,15
2024-05-15,2024-05-15 13:36:27.339,13:36,Cartão,27.92,Americano,Quarta-feira,2,Maio,5,2024,13,20,15
2024-05-15,2024-05-15 13:55:28.999,13:55,Cartão,32.82,Americano with Milk,Quarta-feira,2,Maio,5,2024,13,20,15
2024-05-15,2024-05-15 14:38:10.847,14:38,Dinheiro,29.0,Americano,Quarta-feira,2,Maio,5,2024,14,20,15
2024-05-15,2024-05-15 14:38:52.347,14:38,Cartão,27.92,Cortado,Quarta-feira,2,Maio,5,2024,14,20,15
2024-05-15,2024-05-15 14:39:44.367,14:39,Cartão,27.92,Cortado,Quarta-feira,2,Maio,5,2024,14,20,15
2024-05-15,2024-05-15 17:28:58.620,17:28,Cartão,23.02,Espresso,Quarta-feira,2,Maio,5,2024,17,20,15
2024-05-15,2024-05-15 20:20:34.769,20:20,Cartão,37.72,Cappuccino,Quarta-feira,2,Maio,5,2024,20,20,15
2024-05-16,2024-05-16 10:38:42.458,10:38,Cartão,32.82,Americano with Milk,Quinta-feira,3,Maio,5,2024,10,20,16
2024-05-16,2024-05-16 10:39:49.431,10:39,Cartão,32.82,Americano with Milk,Quinta-feira,3,Maio,5,2024,10,20,16
2024-05-16,2024-05-16 11:42:50.285,11:42,Dinheiro,39.0,Latte,Quinta-feira,3,Maio,5,2024,11,20,16
2024-05-16,2024-05-16 11:44:20.811,11:44,Dinheiro,39.0,Cappuccino,Quinta-feira,3,Maio,5,2024,11,20,16
2024-05-16,2024-05-16 12:14:00.097,12:14,Cartão,32.82,Americano with Milk,Quinta-feira,3,Maio,5,2024,12,20,16
2024-05-16,2024-05-16 15:15:16.315,15:15,Cartão,37.72,Hot Chocolate,Quinta-feira,3,Maio,5,2024,15,20,16
2024-05-16,2024-05-16 17:44:31.548,17:44,Cartão,37.72,Latte,Quinta-feira,3,Maio,5,2024,17,20,16
2024-05-16,2024-05-16 18:12:56.934,18:12,Cartão,37.72,Hot Chocolate,Quinta-feira,3,Maio,5,2024,18,20,16
2024-05-16,2024-05-16 18:13:58.191,18:13,Cartão,37.72,Latte,Quinta-feira,3,Maio,5,2024,18,20,16
2024-05-17,2024-05-17 09:00:48.456,09:00,Cartão,27.92,Americano,Sexta-feira,4,Maio,5,2024,9,20,17
2024-05-17,2024-05-17 11:30:27.553,11:30,Cartão,32.82,Americano with Milk,Sexta-feira,4,Maio,5,2024,11,20,17
2024-05-17,2024-05-17 14:58:03.060,14:58,Dinheiro,34.0,Americano with Milk,Sexta-feira,4,Maio,5,2024,14,20,17
2024-05-17,2024-05-17 19:55:18.534,19:55,Cartão,32.82,Americano with Milk,Sexta-feira,4,Maio,5,2024,19,20,17
2024-05-17,2024-05-17 19:56:46.751,19:56,Cartão,37.72,Cappuccino,Sexta-feira,4,Maio,5,2024,19,20,17
2024-05-17,2024-05-17 20:37:52.930,20:37,Cartão,37.72,Cappuccino,Sexta-feira,4,Maio,5,2024,20,20,17
2024-05-17,2024-05-17 22:34:50.797,22:34,Cartão,27.92,Americano,Sexta-feira,4,Maio,5,2024,22,20,17
2024-05-17,2024-05-17 22:36:33.357,22:36,Cartão,37.72,Latte,Sexta-feira,4,Maio,5,2024,22,20,17
2024-05-17,2024-05-17 22:37:42.821,22:37,Cartão,37.72,Latte,Sexta-feira,4,Maio,5,2024,22,20,17
2024-05-18,2024-05-18 08:01:37.898,08:01,Cartão,37.72,Cappuccino,Sábado,5,Maio,5,2024,8,20,18
2024-05-18,2024-05-18 08:02:39.959,08:02,Cartão,37.72,Cappuccino,Sábado,5,Maio,5,2024,8,20,18
2024-05-18,2024-05-18 11:15:56.089,11:15,Cartão,32.82,Americano with Milk,Sábado,5,Maio,5,2024,11,20,18
2024-05-18,2024-05-18 16:48:29.374,16:48,Cartão,32.82,Americano with Milk,Sábado,5,Maio,5,2024,16,20,18
2024-05-18,2024-05-18 16:49:27.131,16:49,Cartão,32.82,Americano with Milk,Sábado,5,Maio,5,2024,16,20,18
2024-05-18,2024-05-18 19:58:44.210,19:58,Cartão,32.82,Americano with Milk,Sábado,5,Maio,5,2024,19,20,18
2024-05-18,2024-05-18 20:22:53.111,20:22,Cartão,37.72,Latte,Sábado,5,Maio,5,2024,20,20,18
2024-05-18,2024-05-18 22:05:27.473,22:05,Dinheiro,39.0,Cappuccino,Sábado,5,Maio,5,2024,22,20,18
2024-05-19,2024-05-19 07:58:38.312,07:58,Cartão,27.92,Americano,Domingo,6,Maio,5,2024,7,20,19
2024-05-19,2024-05-19 07:59:33.549,07:59,Cartão,27.92,Americano,Domingo,6,Maio,5,2024,7,20,19
2024-05-19,2024-05-19 08:00:35.061,08:00,Cartão,37.72,Cappuccino,Domingo,6,Maio,5,2024,8,20,19
2024-05-19,2024-05-19 09:28:49.723,09:28,Dinheiro,24.0,Espresso,Domingo,6,Maio,5,2024,9,20,19
2024-05-19,2024-05-19 12:14:26.676,12:14,Cartão,32.82,Americano with Milk,Domingo,6,Maio,5,2024,12,20,19
2024-05-19,2024-05-19 14:43:40.049,14:43,Cartão,27.92,Americano,Domingo,6,Maio,5,2024,14,20,19
2024-05-19,2024-05-19 15:58:58.192,15:58,Cartão,32.82,Americano with Milk,Domingo,6,Maio,5,2024,15,20,19
2024-05-19,2024-05-19 18:12:36.304,18:12,Cartão,32.82,Americano with Milk,Domingo,6,Maio,5,2024,18,20,19
2024-05-19,2024-05-19 18:13:47.762,18:13,Cartão,23.02,Espresso,Domingo,6,Maio,5,2024,18,20,19
2024-05-19,2024-05-19 18:16:30.022,18:16,Cartão,37.72,Hot Chocolate,Domingo,6,Maio,5,2024,18,20,19
2024-05-19,2024-05-19 19:51:06.979,19:51,Cartão,37.72,Cappuccino,Domingo,6,Maio,5,2024,19,20,19
2024-05-19,2024-05-19 21:15:41.761,21:15,Cartão,37.72,Cappuccino,Domingo,6,Maio,5,2024,21,20,19
2024-05-19,2024-05-19 21:18:36.101,21:18,Cartão,37.72,Cappuccino,Domingo,6,Maio,5,2024,21,20,19
2024-05-20,2024-05-20 10:05:59.163,10:05,Cartão,32.82,Americano with Milk,Segunda-feira,0,Maio,5,2024,10,21,20
2024-05-20,2024-05-20 10:17:51.867,10:17,Cartão,37.72,Latte,Segunda-feira,0,Maio,5,2024,10,21,20
2024-05-20,2024-05-20 10:58:48.379,10:58,Cartão,37.72,Latte,Segunda-feira,0,Maio,5,2024,10,21,20
2024-05-20,2024-05-20 11:15:16.363,11:15,Cartão,27.92,Americano,Segunda-feira,0,Maio,5,2024,11,21,20
2024-05-20,2024-05-20 11:16:19.637,11:16,Cartão,27.92,Americano,Segunda-feira,0,Maio,5,2024,11,21,20
2024-05-20,2024-05-20 13:27:13.420,13:27,Cartão,27.92,Americano,Segunda-feira,0,Maio,5,2024,13,21,20
2024-05-20,2024-05-20 13:28:10.440,13:28,Cartão,27.92,Americano,Segunda-feira,0,Maio,5,2024,13,21,20
2024-05-20,2024-05-20 14:13:19.017,14:13,Cartão,32.82,Americano with Milk,Segunda-feira,0,Maio,5,2024,14,21,20
2024-05-20,2024-05-20 14:14:31.354,14:14,Cartão,37.72,Cappuccino,Segunda-feira,0,Maio,5,2024,14,21,20
2024-05-20,2024-05-20 14:32:21.252,14:32,Dinheiro,29.0,Americano,Segunda-feira,0,Maio,5,2024,14,21,20
2024-05-20,2024-05-20 17:12:51.121,17:12,Cartão,37.72,Latte,Segunda-feira,0,Maio,5,2024,17,21,20
2024-05-20,2024-05-20 17:13:56.897,17:13,Cartão,37.72,Latte,Segunda-feira,0,Maio,5,2024,17,21,20
2024-05-20,2024-05-20 20:36:48.320,20:36,Cartão,32.82,Americano with Milk,Segunda-feira,0,Maio,5,2024,20,21,20
2024-05-20,2024-05-20 20:37:57.316,20:37,Cartão,37.72,Cocoa,Segunda-feira,0,Maio,5,2024,20,21,20
2024-05-20,2024-05-20 20:46:52.085,20:46,Cartão,27.92,Cortado,Segunda-feira,0,Maio,5,2024,20,21,20
2024-05-20,2024-05-20 21:36:53.986,21:36,Cartão,32.82,Americano with Milk,Segunda-feira,0,Maio,5,2024,21,21,20
2024-05-20,2024-05-20 21:37:57.777,21:37,Cartão,32.82,Americano with Milk,Segunda-feira,0,Maio,5,2024,21,21,20
2024-05-21,2024-05-21 08:27:38.230,08:27,Cartão,37.72,Latte,Terça-feira,1,Maio,5,2024,8,21,21
2024-05-21,2024-05-21 09:43:50.690,09:43,Dinheiro,29.0,Americano,Terça-feira,1,Maio,5,2024,9,21,21
2024-05-21,2024-05-21 09:44:40.309,09:44,Dinheiro,34.0,Americano with Milk,Terça-feira,1,Maio,5,2024,9,21,21
2024-05-21,2024-05-21 09:46:09.430,09:46,Dinheiro,39.0,Cocoa,Terça-feira,1,Maio,5,2024,9,21,21
2024-05-21,2024-05-21 10:05:08.033,10:05,Dinheiro,39.0,Latte,Terça-feira,1,Maio,5,2024,10,21,21
2024-05-21,2024-05-21 16:10:19.956,16:10,Cartão,37.72,Latte,Terça-feira,1,Maio,5,2024,16,21,21
2024-05-21,2024-05-21 18:13:23.998,18:13,Cartão,23.02,Espresso,Terça-feira,1,Maio,5,2024,18,21,21
2024-05-21,2024-05-21 19:11:09.212,19:11,Cartão,37.72,Cappuccino,Terça-feira,1,Maio,5,2024,19,21,21
2024-05-21,2024-05-21 20:13:48.358,20:13,Cartão,37.72,Cappuccino,Terça-feira,1,Maio,5,2024,20,21,21
2024-05-22,2024-05-22 09:34:41.818,09:34,Cartão,37.72,Cappuccino,Quarta-feira,2,Maio,5,2024,9,21,22
2024-05-22,2024-05-22 10:49:47.044,10:49,Cartão,32.82,Americano with Milk,Quarta-feira,2,Maio,5,2024,10,21,22
2024-05-22,2024-05-22 11:18:14.265,11:18,Cartão,27.92,Cortado,Quarta-feira,2,Maio,5,2024,11,21,22
2024-05-22,2024-05-22 11:34:54.968,11:34,Cartão,32.82,Americano with Milk,Quarta-feira,2,Maio,5,2024,11,21,22
2024-05-22,2024-05-22 12:29:50.841,12:29,Cartão,27.92,Americano,Quarta-feira,2,Maio,5,2024,12,21,22
2024-05-22,2024-05-22 12:30:43.347,12:30,Cartão,27.92,Americano,Quarta-feira,2,Maio,5,2024,12,21,22
2024-05-22,2024-05-22 14:00:20.499,14:00,Cartão,32.82,Americano with Milk,Quarta-feira,2,Maio,5,2024,14,21,22
2024-05-22,2024-05-22 19:24:58.098,19:24,Cartão,37.72,Cappuccino,Quarta-feira,2,Maio,5,2024,19,21,22
2024-05-22,2024-05-22 19:25:58.574,19:25,Cartão,37.72,Cappuccino,Quarta-feira,2,Maio,5,2024,19,21,22
2024-05-22,2024-05-22 21:23:53.000,21:23,Cartão,37.72,Hot Chocolate,Quarta-feira,2,Maio,5,2024,21,21,22
2024-05-22,2024-05-22 21:24:49.584,21:24,Cartão,37.72,Cappuccino,Quarta-feira,2,Maio,5,2024,21,21,22
2024-05-23,2024-05-23 10:10:19.640,10:10,Cartão,37.72,Cappuccino,Quinta-feira,3,Maio,5,2024,10,21,23
2024-05-23,2024-05-23 12:22:06.605,12:22,Cartão,23.02,Espresso,Quinta-feira,3,Maio,5,2024,12,21,23
2024-05-23,2024-05-23 15:55:16.628,15:55,Cartão,37.72,Cappuccino,Quinta-feira,3,Maio,5,2024,15,21,23
2024-05-23,2024-05-23 15:56:27.237,15:56,Cartão,37.72,Cappuccino,Quinta-feira,3,Maio,5,2024,15,21,23
2024-05-23,2024-05-23 16:18:14.053,16:18,Cartão,37.72,Cappuccino,Quinta-feira,3,Maio,5,2024,16,21,23
2024-05-23,2024-05-23 16:41:00.043,16:41,Cartão,37.72,Latte,Quinta-feira,3,Maio,5,2024,16,21,23
2024-05-23,2024-05-23 17:14:33.237,17:14,Cartão,37.72,Cappuccino,Quinta-feira,3,Maio,5,2024,17,21,23
2024-05-23,2024-05-23 17:15:44.861,17:15,Cartão,37.72,Latte,Quinta-feira,3,Maio,5,2024,17,21,23
2024-05-23,2024-05-23 19:03:53.856,19:03,Cartão,27.92,Cortado,Quinta-feira,3,Maio,5,2024,19,21,23
2024-05-23,2024-05-23 19:17:28.431,19:17,Cartão,37.72,Cappuccino,Quinta-feira,3,Maio,5,2024,19,21,23
2024-05-23,2024-05-23 19:18:26.418,19:18,Cartão,37.72,Cappuccino,Quinta-feira,3,Maio,5,2024,19,21,23
2024-05-23,2024-05-23 19:42:31.546,19:42,Cartão,37.72,Cappuccino,Quinta-feira,3,Maio,5,2024,19,21,23
2024-05-23,2024-05-23 20:15:01.429,20:15,Cartão,37.72,Cappuccino,Quinta-feira,3,Maio,5,2024,20,21,23
2024-05-23,2024-05-23 20:16:24.205,20:16,Cartão,37.72,Latte,Quinta-feira,3,Maio,5,2024,20,21,23
2024-05-23,2024-05-23 22:48:10.813,22:48,Cartão,32.82,Americano with Milk,Quinta-feira,3,Maio,5,2024,22,21,23
2024-05-23,2024-05-23 22:55:36.926,22:55,Dinheiro,39.0,Hot Chocolate,Quinta-feira,3,Maio,5,2024,22,21,23
2024-05-24,2024-05-24 11:11:59.182,11:11,Cartão,27.92,Cortado,Sexta-feira,4,Maio,5,2024,11,21,24
2024-05-24,2024-05-24 11:15:08.341,11:15,Cartão,27.92,Americano,Sexta-feira,4,Maio,5,2024,11,21,24
2024-05-24,2024-05-24 11:16:13.016,11:16,Cartão,27.92,Americano,Sexta-feira,4,Maio,5,2024,11,21,24
2024-05-24,2024-05-24 16:07:19.816,16:07,Cartão,37.72,Hot Chocolate,Sexta-feira,4,Maio,5,2024,16,21,24
2024-05-24,2024-05-24 18:17:40.330,18:17,Cartão,27.92,Cortado,Sexta-feira,4,Maio,5,2024,18,21,24
2024-05-24,2024-05-24 18:18:36.698,18:18,Cartão,27.92,Cortado,Sexta-feira,4,Maio,5,2024,18,21,24
2024-05-24,2024-05-24 22:30:40.198,22:30,Cartão,32.82,Americano with Milk,Sexta-feira,4,Maio,5,2024,22,21,24
2024-05-25,2024-05-25 07:40:58.818,07:40,Dinheiro,29.0,Americano,Sábado,5,Maio,5,2024,7,21,25
2024-05-25,2024-05-25 12:13:53.388,12:13,Cartão,37.72,Latte,Sábado,5,Maio,5,2024,12,21,25
2024-05-25,2024-05-25 12:40:23.587,12:40,Dinheiro,29.0,Americano,Sábado,5,Maio,5,2024,12,21,25
2024-05-25,2024-05-25 12:42:10.258,12:42,Cartão,32.82,Americano with Milk,Sábado,5,Maio,5,2024,12,21,25
2024-05-25,2024-05-25 12:43:13.275,12:43,Cartão,32.82,Americano with Milk,Sábado,5,Maio,5,2024,12,21,25
2024-05-25,2024-05-25 12:58:12.049,12:58,Cartão,32.82,Americano with Milk,Sábado,5,Maio,5,2024,12,21,25
2024-05-25,2024-05-25 16:47:09.557,16:47,Cartão,32.82,Americano with Milk,Sábado,5,Maio,5,2024,16,21,25
2024-05-25,2024-05-25 16:48:16.834,16:48,Cartão,27.92,Americano,Sábado,5,Maio,5,2024,16,21,25
2024-05-26,2024-05-26 10:20:02.233,10:20,Cartão,37.72,Latte,Domingo,6,Maio,5,2024,10,21,26
2024-05-26,2024-05-26 14:24:49.812,14:24,Cartão,32.82,Americano with Milk,Domingo,6,Maio,5,2024,14,21,26
2024-05-26,2024-05-26 14:26:05.248,14:26,Cartão,27.92,Cortado,Domingo,6,Maio,5,2024,14,21,26
2024-05-26,2024-05-26 14:40:58.882,14:40,Cartão,32.82,Americano with Milk,Domingo,6,Maio,5,2024,14,21,26
2024-05-26,2024-05-26 17:19:15.521,17:19,Cartão,37.72,Cappuccino,Domingo,6,Maio,5,2024,17,21,26
2024-05-26,2024-05-26 18:09:52.843,18:09,Cartão,37.72,Hot Chocolate,Domingo,6,Maio,5,2024,18,21,26
2024-05-26,2024-05-26 18:11:02.204,18:11,Cartão,37.72,Hot Chocolate,Domingo,6,Maio,5,2024,18,21,26
2024-05-26,2024-05-26 18:13:14.299,18:13,Cartão,27.92,Americano,Domingo,6,Maio,5,2024,18,21,26
2024-05-26,2024-05-26 18:39:18.794,18:39,Cartão,37.72,Latte,Domingo,6,Maio,5,2024,18,21,26
2024-05-26,2024-05-26 20:59:14.954,20:59,Cartão,37.72,Hot Chocolate,Domingo,6,Maio,5,2024,20,21,26
2024-05-26,2024-05-26 21:00:05.568,21:00,Cartão,37.72,Cappuccino,Domingo,6,Maio,5,2024,21,21,26
2024-05-26,2024-05-26 21:02:36.935,21:02,Cartão,27.92,Cortado,Domingo,6,Maio,5,2024,21,21,26
2024-05-26,2024-05-26 21:03:51.772,21:03,Cartão,37.72,Cappuccino,Domingo,6,Maio,5,2024,21,21,26
2024-05-26,2024-05-26 21:04:58.824,21:04,Cartão,37.72,Latte,Domingo,6,Maio,5,2024,21,21,26
2024-05-26,2024-05-26 21:06:02.621,21:06,Cartão,37.72,Cappuccino,Domingo,6,Maio,5,2024,21,21,26
2024-05-27,2024-05-27 11:34:55.252,11:34,Cartão,27.92,Americano,Segunda-feira,0,Maio,5,2024,11,22,27
2024-05-27,2024-05-27 14:05:21.688,14:05,Cartão,32.82,Americano with Milk,Segunda-feira,0,Maio,5,2024,14,22,27
2024-05-27,2024-05-27 14:06:43.564,14:06,Cartão,37.72,Cocoa,Segunda-feira,0,Maio,5,2024,14,22,27
2024-05-27,2024-05-27 15:11:34.061,15:11,Cartão,27.92,Americano,Segunda-feira,0,Maio,5,2024,15,22,27
2024-05-27,2024-05-27 15:14:05.788,15:14,Cartão,27.92,Americano,Segunda-feira,0,Maio,5,2024,15,22,27
2024-05-27,2024-05-27 17:50:55.763,17:50,Cartão,37.72,Latte,Segunda-feira,0,Maio,5,2024,17,22,27
2024-05-27,2024-05-27 18:00:50.983,18:00,Cartão,27.92,Americano,Segunda-feira,0,Maio,5,2024,18,22,27
2024-05-27,2024-05-27 19:16:27.404,19:16,Cartão,37.72,Latte,Segunda-feira,0,Maio,5,2024,19,22,27
2024-05-27,2024-05-27 19:17:38.729,19:17,Cartão,37.72,Latte,Segunda-feira,0,Maio,5,2024,19,22,27
2024-05-27,2024-05-27 21:29:07.085,21:29,Cartão,32.82,Americano with Milk,Segunda-feira,0,Maio,5,2024,21,22,27
2024-05-27,2024-05-27 21:30:19.772,21:30,Cartão,37.72,Cappuccino,Segunda-feira,0,Maio,5,2024,21,22,27
2024-05-28,2024-05-28 08:37:09.028,08:37,Cartão,32.82,Americano with Milk,Terça-feira,1,Maio,5,2024,8,22,28
2024-05-28,2024-05-28 09:20:10.736,09:20,Cartão,32.82,Americano with Milk,Terça-feira,1,Maio,5,2024,9,22,28
2024-05-28,2024-05-28 11:48:18.494,11:48,Cartão,37.72,Cappuccino,Terça-feira,1,Maio,5,2024,11,22,28
2024-05-28,2024-05-28 13:14:40.435,13:14,Cartão,37.72,Cappuccino,Terça-feira,1,Maio,5,2024,13,22,28
2024-05-28,2024-05-28 14:10:53.691,14:10,Cartão,37.72,Cocoa,Terça-feira,1,Maio,5,2024,14,22,28
2024-05-28,2024-05-28 16:25:39.330,16:25,Cartão,27.92,Cortado,Terça-feira,1,Maio,5,2024,16,22,28
2024-05-28,2024-05-28 17:21:43.967,17:21,Dinheiro,39.0,Cappuccino,Terça-feira,1,Maio,5,2024,17,22,28
2024-05-28,2024-05-28 19:09:29.069,19:09,Cartão,27.92,Americano,Terça-feira,1,Maio,5,2024,19,22,28
2024-05-28,2024-05-28 19:10:31.070,19:10,Cartão,37.72,Latte,Terça-feira,1,Maio,5,2024,19,22,28
2024-05-28,2024-05-28 20:24:32.205,20:24,Cartão,32.82,Americano with Milk,Terça-feira,1,Maio,5,2024,20,22,28
2024-05-28,2024-05-28 20:50:19.449,20:50,Cartão,27.92,Americano,Terça-feira,1,Maio,5,2024,20,22,28
2024-05-29,2024-05-29 09:14:43.704,09:14,Cartão,37.72,Latte,Quarta-feira,2,Maio,5,2024,9,22,29
2024-05-29,2024-05-29 10:48:46.781,10:48,Dinheiro,39.0,Latte,Quarta-feira,2,Maio,5,2024,10,22,29
2024-05-29,2024-05-29 11:14:02.855,11:14,Cartão,37.72,Hot Chocolate,Quarta-feira,2,Maio,5,2024,11,22,29
2024-05-29,2024-05-29 15:10:48.545,15:10,Cartão,27.92,Americano,Quarta-feira,2,Maio,5,2024,15,22,29
2024-05-29,2024-05-29 15:22:56.321,15:22,Cartão,37.72,Latte,Quarta-feira,2,Maio,5,2024,15,22,29
2024-05-29,2024-05-29 15:45:12.738,15:45,Cartão,37.72,Cappuccino,Quarta-feira,2,Maio,5,2024,15,22,29
2024-05-29,2024-05-29 16:45:03.950,16:45,Cartão,37.72,Latte,Quarta-feira,2,Maio,5,2024,16,22,29
2024-05-29,2024-05-29 18:24:03.334,18:24,Cartão,27.92,Cortado,Quarta-feira,2,Maio,5,2024,18,22,29
2024-05-29,2024-05-29 18:24:59.311,18:24,Cartão,37.72,Latte,Quarta-feira,2,Maio,5,2024,18,22,29
2024-05-29,2024-05-29 20:30:42.240,20:30,Cartão,37.72,Hot Chocolate,Quarta-feira,2,Maio,5,2024,20,22,29
2024-05-29,2024-05-29 20:32:35.200,20:32,Cartão,37.72,Cocoa,Quarta-feira,2,Maio,5,2024,20,22,29
2024-05-30,2024-05-30 08:29:06.277,08:29,Cartão,37.72,Cappuccino,Quinta-feira,3,Maio,5,2024,8,22,30
2024-05-30,2024-05-30 08:30:21.586,08:30,Cartão,37.72,Latte,Quinta-feira,3,Maio,5,2024,8,22,30
2024-05-30,2024-05-30 08:37:05.382,08:37,Cartão,32.82,Americano with Milk,Quinta-feira,3,Maio,5,2024,8,22,30
2024-05-30,2024-05-30 09:47:59.092,09:47,Cartão,37.72,Latte,Quinta-feira,3,Maio,5,2024,9,22,30
2024-05-30,2024-05-30 14:56:15.473,14:56,Cartão,32.82,Americano with Milk,Quinta-feira,3,Maio,5,2024,14,22,30
2024-05-30,2024-05-30 15:16:15.665,15:16,Cartão,23.02,Espresso,Quinta-feira,3,Maio,5,2024,15,22,30
2024-05-30,2024-05-30 15:17:38.656,15:17,Cartão,23.02,Espresso,Quinta-feira,3,Maio,5,2024,15,22,30
2024-05-30,2024-05-30 19:53:11.189,19:53,Cartão,37.72,Cappuccino,Quinta-feira,3,Maio,5,2024,19,22,30
2024-05-30,2024-05-30 20:31:05.430,20:31,Cartão,37.72,Latte,Quinta-feira,3,Maio,5,2024,20,22,30
2024-05-30,2024-05-30 20:46:13.835,20:46,Cartão,37.72,Hot Chocolate,Quinta-feira,3,Maio,5,2024,20,22,30
2024-05-30,2024-05-30 20:47:21.586,20:47,Cartão,32.82,Americano with Milk,Quinta-feira,3,Maio,5,2024,20,22,30
2024-05-31,2024-05-31 07:53:57.274,07:53,Cartão,32.82,Americano with Milk,Sexta-feira,4,Maio,5,2024,7,22,31
2024-05-31,2024-05-31 09:21:07.821,09:21,Cartão,37.72,Latte,Sexta-feira,4,Maio,5,2024,9,22,31
2024-05-31,2024-05-31 09:23:58.791,09:23,Dinheiro,39.0,Latte,Sexta-feira,4,Maio,5,2024,9,22,31
2024-05-31,2024-05-31 10:38:07.861,10:38,Cartão,37.72,Hot Chocolate,Sexta-feira,4,Maio,5,2024,10,22,31
2024-05-31,2024-05-31 10:39:06.136,10:39,Cartão,37.72,Cocoa,Sexta-feira,4,Maio,5,2024,10,22,31
2024-05-31,2024-05-31 14:50:12.976,14:50,Cartão,32.82,Americano with Milk,Sexta-feira,4,Maio,5,2024,14,22,31
2024-05-31,2024-05-31 18:23:44.636,18:23,Cartão,37.72,Latte,Sexta-feira,4,Maio,5,2024,18,22,31
2024-05-31,2024-05-31 18:25:03.271,18:25,Cartão,37.72,Latte,Sexta-feira,4,Maio,5,2024,18,22,31
2024-05-31,2024-05-31 20:06:39.166,20:06,Cartão,37.72,Cappuccino,Sexta-feira,4,Maio,5,2024,20,22,31
2024-05-31,2024-05-31 20:33:06.403,20:33,Cartão,32.82,Americano with Milk,Sexta-feira,4,Maio,5,2024,20,22,31
2024-05-31,2024-05-31 20:34:32.903,20:34,Cartão,37.72,Latte,Sexta-feira,4,Maio,5,2024,20,22,31
2024-05-31,2024-05-31 22:05:47.070,22:05,Cartão,37.72,Cappuccino,Sexta-feira,4,Maio,5,2024,22,22,31
2024-05-31,2024-05-31 22:06:52.490,22:06,Cartão,32.82,Americano with Milk,Sexta-feira,4,Maio,5,2024,22,22,31
2024-05-31,2024-05-31 22:07:55.368,22:07,Cartão,27.92,Cortado,Sexta-feira,4,Maio,5,2024,22,22,31
2024-06-01,2024-06-01 08:27:01.745,08:27,Cartão,27.92,Cortado,Sábado,5,Junho,6,2024,8,22,1
2024-06-01,2024-06-01 09:48:24.750,09:48,Cartão,37.72,Latte,Sábado,5,Junho,6,2024,9,22,1
2024-06-01,2024-06-01 11:38:09.371,11:38,Cartão,37.72,Latte,Sábado,5,Junho,6,2024,11,22,1
2024-06-01,2024-06-01 14:28:53.739,14:28,Cartão,32.82,Americano with Milk,Sábado,5,Junho,6,2024,14,22,1
2024-06-01,2024-06-01 18:20:12.780,18:20,Cartão,32.82,Americano with Milk,Sábado,5,Junho,6,2024,18,22,1
2024-06-01,2024-06-01 18:21:15.363,18:21,Cartão,32.82,Americano with Milk,Sábado,5,Junho,6,2024,18,22,1
2024-06-01,2024-06-01 20:50:10.488,20:50,Cartão,37.72,Cappuccino,Sábado,5,Junho,6,2024,20,22,1
2024-06-01,2024-06-01 20:51:13.565,20:51,Cartão,37.72,Cappuccino,Sábado,5,Junho,6,2024,20,22,1
2024-06-01,2024-06-01 20:54:59.267,20:54,Dinheiro,39.0,Cocoa,Sábado,5,Junho,6,2024,20,22,1
2024-06-01,2024-06-01 20:59:09.689,20:59,Cartão,37.72,Cocoa,Sábado,5,Junho,6,2024,20,22,1
2024-06-01,2024-06-01 21:51:04.971,21:51,Cartão,32.82,Americano with Milk,Sábado,5,Junho,6,2024,21,22,1
2024-06-02,2024-06-02 20:03:25.799,20:03,Cartão,37.72,Latte,Domingo,6,Junho,6,2024,20,22,2
2024-06-02,2024-06-02 20:24:02.449,20:24,Cartão,32.82,Americano with Milk,Domingo,6,Junho,6,2024,20,22,2
2024-06-02,2024-06-02 20:25:07.238,20:25,Cartão,37.72,Cappuccino,Domingo,6,Junho,6,2024,20,22,2
2024-06-02,2024-06-02 21:07:20.531,21:07,Cartão,32.82,Americano with Milk,Domingo,6,Junho,6,2024,21,22,2
2024-06-02,2024-06-02 21:30:12.430,21:30,Cartão,37.72,Latte,Domingo,6,Junho,6,2024,21,22,2
2024-06-02,2024-06-02 22:43:10.636,22:43,Dinheiro,34.0,Americano with Milk,Domingo,6,Junho,6,2024,22,22,2
2024-06-03,2024-06-03 10:12:04.141,10:12,Cartão,37.72,Latte,Segunda-feira,0,Junho,6,2024,10,23,3
2024-06-03,2024-06-03 10:27:49.797,10:27,Cartão,37.72,Latte,Segunda-feira,0,Junho,6,2024,10,23,3
2024-06-03,2024-06-03 14:31:42.338,14:31,Cartão,37.72,Cappuccino,Segunda-feira,0,Junho,6,2024,14,23,3
2024-06-03,2024-06-03 14:33:00.952,14:33,Cartão,32.82,Americano with Milk,Segunda-feira,0,Junho,6,2024,14,23,3
2024-06-03,2024-06-03 14:34:06.922,14:34,Cartão,37.72,Latte,Segunda-feira,0,Junho,6,2024,14,23,3
2024-06-03,2024-06-03 21:42:51.734,21:42,Dinheiro,34.0,Americano with Milk,Segunda-feira,0,Junho,6,2024,21,23,3
2024-06-03,2024-06-03 21:43:37.471,21:43,Dinheiro,34.0,Americano with Milk,Segunda-feira,0,Junho,6,2024,21,23,3
2024-06-04,2024-06-04 09:23:42.898,09:23,Cartão,27.92,Cortado,Terça-feira,1,Junho,6,2024,9,23,4
2024-06-04,2024-06-04 10:27:13.975,10:27,Cartão,32.82,Americano with Milk,Terça-feira,1,Junho,6,2024,10,23,4
2024-06-04,2024-06-04 12:02:10.213,12:02,Cartão,37.72,Latte,Terça-feira,1,Junho,6,2024,12,23,4
2024-06-04,2024-06-04 12:05:29.186,12:05,Cartão,37.72,Hot Chocolate,Terça-feira,1,Junho,6,2024,12,23,4
2024-06-04,2024-06-04 15:30:32.455,15:30,Cartão,37.72,Latte,Terça-feira,1,Junho,6,2024,15,23,4
2024-06-04,2024-06-04 17:46:36.661,17:46,Cartão,27.92,Cortado,Terça-feira,1,Junho,6,2024,17,23,4
2024-06-04,2024-06-04 17:47:28.847,17:47,Cartão,37.72,Cappuccino,Terça-feira,1,Junho,6,2024,17,23,4
2024-06-04,2024-06-04 20:13:01.204,20:13,Cartão,37.72,Hot Chocolate,Terça-feira,1,Junho,6,2024,20,23,4
2024-06-04,2024-06-04 20:50:33.896,20:50,Cartão,37.72,Cappuccino,Terça-feira,1,Junho,6,2024,20,23,4
2024-06-04,2024-06-04 21:31:58.908,21:31,Cartão,27.92,Cortado,Terça-feira,1,Junho,6,2024,21,23,4
2024-06-04,2024-06-04 21:33:02.621,21:33,Cartão,32.82,Americano with Milk,Terça-feira,1,Junho,6,2024,21,23,4
2024-06-04,2024-06-04 21:34:55.667,21:34,Cartão,32.82,Americano with Milk,Terça-feira,1,Junho,6,2024,21,23,4
2024-06-04,2024-06-04 21:36:06.924,21:36,Cartão,32.82,Americano with Milk,Terça-feira,1,Junho,6,2024,21,23,4
2024-06-04,2024-06-04 21:37:15.164,21:37,Cartão,32.82,Americano with Milk,Terça-feira,1,Junho,6,2024,21,23,4
2024-06-05,2024-06-05 08:21:48.964,08:21,Cartão,37.72,Cappuccino,Quarta-feira,2,Junho,6,2024,8,23,5
2024-06-05,2024-06-05 08:23:06.723,08:23,Cartão,37.72,Cappuccino,Quarta-feira,2,Junho,6,2024,8,23,5
2024-06-05,2024-06-05 09:22:43.108,09:22,Cartão,27.92,Americano,Quarta-feira,2,Junho,6,2024,9,23,5
2024-06-05,2024-06-05 10:28:50.620,10:28,Cartão,37.72,Latte,Quarta-feira,2,Junho,6,2024,10,23,5
2024-06-05,2024-06-05 10:40:53.188,10:40,Cartão,32.82,Americano with Milk,Quarta-feira,2,Junho,6,2024,10,23,5
2024-06-05,2024-06-05 19:43:57.675,19:43,Cartão,32.82,Americano with Milk,Quarta-feira,2,Junho,6,2024,19,23,5
2024-06-05,2024-06-05 19:59:53.527,19:59,Cartão,37.72,Latte,Quarta-feira,2,Junho,6,2024,19,23,5
2024-06-05,2024-06-05 20:10:47.623,20:10,Cartão,37.72,Cocoa,Quarta-feira,2,Junho,6,2024,20,23,5
2024-06-05,2024-06-05 20:12:01.658,20:12,Cartão,27.92,Cortado,Quarta-feira,2,Junho,6,2024,20,23,5
2024-06-06,2024-06-06 08:52:56.351,08:52,Cartão,32.82,Americano with Milk,Quinta-feira,3,Junho,6,2024,8,23,6
2024-06-06,2024-06-06 08:54:08.455,08:54,Cartão,32.82,Americano with Milk,Quinta-feira,3,Junho,6,2024,8,23,6
2024-06-06,2024-06-06 10:36:09.667,10:36,Cartão,37.72,Latte,Quinta-feira,3,Junho,6,2024,10,23,6
2024-06-06,2024-06-06 12:17:41.474,12:17,Cartão,27.92,Americano,Quinta-feira,3,Junho,6,2024,12,23,6
2024-06-06,2024-06-06 15:11:14.185,15:11,Cartão,32.82,Americano with Milk,Quinta-feira,3,Junho,6,2024,15,23,6
2024-06-06,2024-06-06 15:24:06.221,15:24,Cartão,37.72,Cappuccino,Quinta-feira,3,Junho,6,2024,15,23,6
2024-06-06,2024-06-06 21:14:05.102,21:14,Cartão,37.72,Latte,Quinta-feira,3,Junho,6,2024,21,23,6
2024-06-06,2024-06-06 21:15:42.227,21:15,Cartão,37.72,Latte,Quinta-feira,3,Junho,6,2024,21,23,6
2024-06-06,2024-06-06 21:18:26.713,21:18,Cartão,37.72,Cappuccino,Quinta-feira,3,Junho,6,2024,21,23,6
2024-06-06,2024-06-06 21:19:30.436,21:19,Cartão,32.82,Americano with Milk,Quinta-feira,3,Junho,6,2024,21,23,6
2024-06-06,2024-06-06 21:21:04.440,21:21,Cartão,37.72,Latte,Quinta-feira,3,Junho,6,2024,21,23,6
2024-06-07,2024-06-07 08:18:04.296,08:18,Cartão,37.72,Cappuccino,Sexta-feira,4,Junho,6,2024,8,23,7
2024-06-07,2024-06-07 10:35:28.104,10:35,Cartão,23.02,Espresso,Sexta-feira,4,Junho,6,2024,10,23,7
2024-06-07,2024-06-07 13:34:18.297,13:34,Cartão,32.82,Americano with Milk,Sexta-feira,4,Junho,6,2024,13,23,7
2024-06-07,2024-06-07 16:45:42.218,16:45,Cartão,27.92,Cortado,Sexta-feira,4,Junho,6,2024,16,23,7
2024-06-07,2024-06-07 16:47:15.481,16:47,Cartão,27.92,Cortado,Sexta-feira,4,Junho,6,2024,16,23,7
2024-06-08,2024-06-08 09:04:20.016,09:04,Cartão,27.92,Cortado,Sábado,5,Junho,6,2024,9,23,8
2024-06-08,2024-06-08 09:26:11.160,09:26,Cartão,32.82,Americano with Milk,Sábado,5,Junho,6,2024,9,23,8
2024-06-08,2024-06-08 20:24:54.320,20:24,Cartão,37.72,Cappuccino,Sábado,5,Junho,6,2024,20,23,8
2024-06-08,2024-06-08 20:25:56.316,20:25,Cartão,37.72,Cappuccino,Sábado,5,Junho,6,2024,20,23,8
2024-06-09,2024-06-09 08:15:52.760,08:15,Cartão,37.72,Latte,Domingo,6,Junho,6,2024,8,23,9
2024-06-09,2024-06-09 10:30:04.461,10:30,Cartão,37.72,Latte,Domingo,6,Junho,6,2024,10,23,9
2024-06-09,2024-06-09 10:52:05.797,10:52,Cartão,37.72,Cappuccino,Domingo,6,Junho,6,2024,10,23,9
2024-06-09,2024-06-09 11:04:41.306,11:04,Cartão,27.92,Cortado,Domingo,6,Junho,6,2024,11,23,9
2024-06-09,2024-06-09 11:07:08.108,11:07,Cartão,23.02,Espresso,Domingo,6,Junho,6,2024,11,23,9
2024-06-09,2024-06-09 11:52:49.616,11:52,Cartão,37.72,Cappuccino,Domingo,6,Junho,6,2024,11,23,9
2024-06-09,2024-06-09 12:11:23.640,12:11,Cartão,32.82,Americano with Milk,Domingo,6,Junho,6,2024,12,23,9
2024-06-09,2024-06-09 12:13:08.067,12:13,Cartão,37.72,Latte,Domingo,6,Junho,6,2024,12,23,9
2024-06-09,2024-06-09 12:14:10.783,12:14,Cartão,37.72,Latte,Domingo,6,Junho,6,2024,12,23,9
2024-06-09,2024-06-09 15:10:30.692,15:10,Cartão,27.92,Cortado,Domingo,6,Junho,6,2024,15,23,9
2024-06-09,2024-06-09 16:17:28.189,16:17,Cartão,37.72,Cappuccino,Domingo,6,Junho,6,2024,16,23,9
2024-06-09,2024-06-09 19:21:19.277,19:21,Cartão,32.82,Americano with Milk,Domingo,6,Junho,6,2024,19,23,9
2024-06-09,2024-06-09 21:05:08.844,21:05,Cartão,27.92,Americano,Domingo,6,Junho,6,2024,21,23,9
2024-06-10,2024-06-10 12:47:49.861,12:47,Cartão,37.72,Cappuccino,Segunda-feira,0,Junho,6,2024,12,24,10
2024-06-10,2024-06-10 12:56:48.268,12:56,Cartão,37.72,Latte,Segunda-feira,0,Junho,6,2024,12,24,10
2024-06-10,2024-06-10 19:04:28.106,19:04,Cartão,37.72,Hot Chocolate,Segunda-feira,0,Junho,6,2024,19,24,10
2024-06-10,2024-06-10 19:05:22.770,19:05,Cartão,37.72,Hot Chocolate,Segunda-feira,0,Junho,6,2024,19,24,10
2024-06-10,2024-06-10 19:37:23.602,19:37,Cartão,37.72,Latte,Segunda-feira,0,Junho,6,2024,19,24,10
2024-06-10,2024-06-10 19:38:19.678,19:38,Cartão,37.72,Latte,Segunda-feira,0,Junho,6,2024,19,24,10
2024-06-11,2024-06-11 10:38:03.953,10:38,Cartão,32.82,Americano with Milk,Terça-feira,1,Junho,6,2024,10,24,11
2024-06-11,2024-06-11 18:48:25.292,18:48,Cartão,37.72,Latte,Terça-feira,1,Junho,6,2024,18,24,11
2024-06-11,2024-06-11 18:49:36.428,18:49,Cartão,37.72,Latte,Terça-feira,1,Junho,6,2024,18,24,11
2024-06-11,2024-06-11 21:17:03.344,21:17,Cartão,37.72,Hot Chocolate,Terça-feira,1,Junho,6,2024,21,24,11
2024-06-11,2024-06-11 21:27:41.900,21:27,Cartão,32.82,Americano with Milk,Terça-feira,1,Junho,6,2024,21,24,11
2024-06-11,2024-06-11 21:28:50.220,21:28,Cartão,32.82,Americano with Milk,Terça-feira,1,Junho,6,2024,21,24,11
2024-06-12,2024-06-12 10:18:18.786,10:18,Cartão,37.72,Hot Chocolate,Quarta-feira,2,Junho,6,2024,10,24,12
2024-06-12,2024-06-12 11:51:43.858,11:51,Cartão,37.72,Cappuccino,Quarta-feira,2,Junho,6,2024,11,24,12
2024-06-12,2024-06-12 17:41:17.179,17:41,Cartão,37.72,Latte,Quarta-feira,2,Junho,6,2024,17,24,12
2024-06-12,2024-06-12 17:47:27.878,17:47,Cartão,37.72,Latte,Quarta-feira,2,Junho,6,2024,17,24,12
2024-06-12,2024-06-12 20:16:33.648,20:16,Cartão,37.72,Hot Chocolate,Quarta-feira,2,Junho,6,2024,20,24,12
2024-06-12,2024-06-12 20:25:34.239,20:25,Cartão,32.82,Americano with Milk,Quarta-feira,2,Junho,6,2024,20,24,12
2024-06-13,2024-06-13 08:54:24.207,08:54,Cartão,27.92,Americano,Quinta-feira,3,Junho,6,2024,8,24,13
2024-06-13,2024-06-13 08:57:25.592,08:57,Cartão,37.72,Latte,Quinta-feira,3,Junho,6,2024,8,24,13
2024-06-13,2024-06-13 09:50:25.038,09:50,Cartão,32.82,Americano with Milk,Quinta-feira,3,Junho,6,2024,9,24,13
2024-06-13,2024-06-13 09:57:11.518,09:57,Cartão,27.92,Cortado,Quinta-feira,3,Junho,6,2024,9,24,13
2024-06-13,2024-06-13 17:04:58.601,17:04,Cartão,32.82,Americano with Milk,Quinta-feira,3,Junho,6,2024,17,24,13
2024-06-13,2024-06-13 17:27:46.626,17:27,Cartão,37.72,Hot Chocolate,Quinta-feira,3,Junho,6,2024,17,24,13
2024-06-13,2024-06-13 19:22:19.083,19:22,Cartão,37.72,Latte,Quinta-feira,3,Junho,6,2024,19,24,13
2024-06-13,2024-06-13 20:20:51.762,20:20,Cartão,32.82,Americano with Milk,Quinta-feira,3,Junho,6,2024,20,24,13
2024-06-13,2024-06-13 20:43:45.991,20:43,Cartão,23.02,Espresso,Quinta-feira,3,Junho,6,2024,20,24,13
2024-06-13,2024-06-13 20:45:00.615,20:45,Cartão,23.02,Espresso,Quinta-feira,3,Junho,6,2024,20,24,13
2024-06-13,2024-06-13 20:48:17.902,20:48,Cartão,32.82,Americano with Milk,Quinta-feira,3,Junho,6,2024,20,24,13
2024-06-13,2024-06-13 21:02:28.377,21:02,Cartão,32.82,Americano with Milk,Quinta-feira,3,Junho,6,2024,21,24,13
2024-06-14,2024-06-14 07:46:13.238,07:46,Cartão,27.92,Cortado,Sexta-feira,4,Junho,6,2024,7,24,14
2024-06-14,2024-06-14 10:30:31.584,10:30,Cartão,27.92,Americano,Sexta-feira,4,Junho,6,2024,10,24,14
2024-06-14,2024-06-14 12:14:41.696,12:14,Cartão,37.72,Latte,Sexta-feira,4,Junho,6,2024,12,24,14
2024-06-14,2024-06-14 18:29:53.399,18:29,Cartão,32.82,Americano with Milk,Sexta-feira,4,Junho,6,2024,18,24,14
2024-06-15,2024-06-15 11:26:01.974,11:26,Cartão,37.72,Cappuccino,Sábado,5,Junho,6,2024,11,24,15
2024-06-15,2024-06-15 12:21:28.135,12:21,Cartão,37.72,Latte,Sábado,5,Junho,6,2024,12,24,15
2024-06-15,2024-06-15 12:22:46.942,12:22,Cartão,32.82,Americano with Milk,Sábado,5,Junho,6,2024,12,24,15
2024-06-15,2024-06-15 12:23:52.166,12:23,Cartão,23.02,Espresso,Sábado,5,Junho,6,2024,12,24,15
2024-06-15,2024-06-15 12:24:35.130,12:24,Cartão,37.72,Cocoa,Sábado,5,Junho,6,2024,12,24,15
2024-06-15,2024-06-15 12:25:23.960,12:25,Cartão,32.82,Americano with Milk,Sábado,5,Junho,6,2024,12,24,15
2024-06-15,2024-06-15 16:03:29.909,16:03,Cartão,32.82,Americano with Milk,Sábado,5,Junho,6,2024,16,24,15
2024-06-15,2024-06-15 18:14:04.623,18:14,Cartão,27.92,Americano,Sábado,5,Junho,6,2024,18,24,15
2024-06-16,2024-06-16 10:43:51.456,10:43,Cartão,32.82,Americano with Milk,Domingo,6,Junho,6,2024,10,24,16
2024-06-16,2024-06-16 10:58:41.366,10:58,Cartão,37.72,Latte,Domingo,6,Junho,6,2024,10,24,16
2024-06-16,2024-06-16 11:00:38.191,11:00,Cartão,37.72,Hot Chocolate,Domingo,6,Junho,6,2024,11,24,16
2024-06-16,2024-06-16 11:01:41.488,11:01,Cartão,37.72,Hot Chocolate,Domingo,6,Junho,6,2024,11,24,16
2024-06-16,2024-06-16 12:49:27.624,12:49,Cartão,32.82,Americano with Milk,Domingo,6,Junho,6,2024,12,24,16
2024-06-16,2024-06-16 14:00:38.992,14:00,Cartão,23.02,Espresso,Domingo,6,Junho,6,2024,14,24,16
2024-06-16,2024-06-16 15:02:36.332,15:02,Cartão,32.82,Americano with Milk,Domingo,6,Junho,6,2024,15,24,16
2024-06-16,2024-06-16 15:05:10.421,15:05,Cartão,32.82,Americano with Milk,Domingo,6,Junho,6,2024,15,24,16
2024-06-16,2024-06-16 15:43:59.593,15:43,Cartão,37.72,Hot Chocolate,Domingo,6,Junho,6,2024,15,24,16
2024-06-16,2024-06-16 16:47:36.521,16:47,Cartão,37.72,Hot Chocolate,Domingo,6,Junho,6,2024,16,24,16
2024-06-16,2024-06-16 17:45:17.267,17:45,Cartão,32.82,Americano with Milk,Domingo,6,Junho,6,2024,17,24,16
2024-06-16,2024-06-16 17:46:16.554,17:46,Cartão,32.82,Americano with Milk,Domingo,6,Junho,6,2024,17,24,16
2024-06-17,2024-06-17 08:57:24.044,08:57,Cartão,27.92,Americano,Segunda-feira,0,Junho,6,2024,8,25,17
2024-06-17,2024-06-17 10:12:05.139,10:12,Cartão,27.92,Cortado,Segunda-feira,0,Junho,6,2024,10,25,17
2024-06-17,2024-06-17 10:13:37.575,10:13,Cartão,27.92,Cortado,Segunda-feira,0,Junho,6,2024,10,25,17
2024-06-17,2024-06-17 10:55:51.608,10:55,Cartão,37.72,Cappuccino,Segunda-feira,0,Junho,6,2024,10,25,17
2024-06-17,2024-06-17 14:51:35.381,14:51,Cartão,37.72,Cappuccino,Segunda-feira,0,Junho,6,2024,14,25,17
2024-06-17,2024-06-17 16:50:13.441,16:50,Cartão,37.72,Cappuccino,Segunda-feira,0,Junho,6,2024,16,25,17
2024-06-17,2024-06-17 16:51:11.038,16:51,Cartão,37.72,Cappuccino,Segunda-feira,0,Junho,6,2024,16,25,17
2024-06-17,2024-06-17 16:52:36.336,16:52,Cartão,27.92,Americano,Segunda-feira,0,Junho,6,2024,16,25,17
2024-06-17,2024-06-17 18:51:19.631,18:51,Cartão,27.92,Americano,Segunda-feira,0,Junho,6,2024,18,25,17
2024-06-17,2024-06-17 21:16:11.485,21:16,Cartão,32.82,Americano with Milk,Segunda-feira,0,Junho,6,2024,21,25,17
2024-06-18,2024-06-18 14:04:06.125,14:04,Cartão,27.92,Americano,Terça-feira,1,Junho,6,2024,14,25,18
2024-06-18,2024-06-18 14:05:12.313,14:05,Cartão,37.72,Cappuccino,Terça-feira,1,Junho,6,2024,14,25,18
2024-06-18,2024-06-18 19:20:40.571,19:20,Cartão,37.72,Cappuccino,Terça-feira,1,Junho,6,2024,19,25,18
2024-06-18,2024-06-18 19:21:38.892,19:21,Cartão,37.72,Cappuccino,Terça-feira,1,Junho,6,2024,19,25,18
2024-06-18,2024-06-18 20:35:49.497,20:35,Cartão,27.92,Cortado,Terça-feira,1,Junho,6,2024,20,25,18
2024-06-18,2024-06-18 21:20:49.526,21:20,Cartão,32.82,Americano with Milk,Terça-feira,1,Junho,6,2024,21,25,18
2024-06-18,2024-06-18 21:22:18.518,21:22,Cartão,32.82,Americano with Milk,Terça-feira,1,Junho,6,2024,21,25,18
2024-06-19,2024-06-19 07:47:19.833,07:47,Cartão,37.72,Latte,Quarta-feira,2,Junho,6,2024,7,25,19
2024-06-19,2024-06-19 08:17:54.508,08:17,Cartão,27.92,Cortado,Quarta-feira,2,Junho,6,2024,8,25,19
2024-06-19,2024-06-19 10:54:00.492,10:54,Cartão,27.92,Americano,Quarta-feira,2,Junho,6,2024,10,25,19
2024-06-19,2024-06-19 11:11:27.807,11:11,Cartão,37.72,Latte,Quarta-feira,2,Junho,6,2024,11,25,19
2024-06-19,2024-06-19 11:12:31.412,11:12,Cartão,37.72,Cocoa,Quarta-feira,2,Junho,6,2024,11,25,19
2024-06-19,2024-06-19 14:21:36.258,14:21,Cartão,32.82,Americano with Milk,Quarta-feira,2,Junho,6,2024,14,25,19
2024-06-19,2024-06-19 18:28:43.437,18:28,Cartão,37.72,Cappuccino,Quarta-feira,2,Junho,6,2024,18,25,19
2024-06-19,2024-06-19 18:29:58.961,18:29,Cartão,37.72,Latte,Quarta-feira,2,Junho,6,2024,18,25,19
2024-06-19,2024-06-19 19:31:31.293,19:31,Cartão,32.82,Americano with Milk,Quarta-feira,2,Junho,6,2024,19,25,19
2024-06-19,2024-06-19 21:28:59.485,21:28,Cartão,37.72,Cappuccino,Quarta-feira,2,Junho,6,2024,21,25,19
2024-06-19,2024-06-19 21:30:03.484,21:30,Cartão,32.82,Americano with Milk,Quarta-feira,2,Junho,6,2024,21,25,19
2024-06-20,2024-06-20 10:50:06.453,10:50,Cartão,37.72,Latte,Quinta-feira,3,Junho,6,2024,10,25,20
2024-06-20,2024-06-20 18:59:02.082,18:59,Cartão,37.72,Latte,Quinta-feira,3,Junho,6,2024,18,25,20
2024-06-20,2024-06-20 19:00:00.237,19:00,Cartão,37.72,Latte,Quinta-feira,3,Junho,6,2024,19,25,20
2024-06-20,2024-06-20 21:39:10.013,21:39,Cartão,37.72,Latte,Quinta-feira,3,Junho,6,2024,21,25,20
2024-06-20,2024-06-20 21:57:40.554,21:57,Cartão,37.72,Latte,Quinta-feira,3,Junho,6,2024,21,25,20
2024-06-20,2024-06-20 21:59:17.598,21:59,Cartão,32.82,Americano with Milk,Quinta-feira,3,Junho,6,2024,21,25,20
2024-06-21,2024-06-21 09:59:55.930,09:59,Cartão,37.72,Latte,Sexta-feira,4,Junho,6,2024,9,25,21
2024-06-21,2024-06-21 10:01:40.183,10:01,Cartão,27.92,Americano,Sexta-feira,4,Junho,6,2024,10,25,21
2024-06-21,2024-06-21 13:19:19.416,13:19,Cartão,32.82,Americano with Milk,Sexta-feira,4,Junho,6,2024,13,25,21
2024-06-21,2024-06-21 13:20:31.513,13:20,Cartão,32.82,Americano with Milk,Sexta-feira,4,Junho,6,2024,13,25,21
2024-06-21,2024-06-21 18:12:16.064,18:12,Cartão,23.02,Espresso,Sexta-feira,4,Junho,6,2024,18,25,21
2024-06-21,2024-06-21 19:30:26.651,19:30,Cartão,37.72,Latte,Sexta-feira,4,Junho,6,2024,19,25,21
2024-06-21,2024-06-21 19:47:06.201,19:47,Cartão,37.72,Cappuccino,Sexta-feira,4,Junho,6,2024,19,25,21
2024-06-21,2024-06-21 19:48:06.713,19:48,Cartão,37.72,Cappuccino,Sexta-feira,4,Junho,6,2024,19,25,21
2024-06-21,2024-06-21 19:49:54.505,19:49,Cartão,37.72,Cappuccino,Sexta-feira,4,Junho,6,2024,19,25,21
2024-06-21,2024-06-21 19:51:00.211,19:51,Cartão,37.72,Cappuccino,Sexta-feira,4,Junho,6,2024,19,25,21
2024-06-21,2024-06-21 19:52:18.775,19:52,Cartão,27.92,Americano,Sexta-feira,4,Junho,6,2024,19,25,21
2024-06-21,2024-06-21 19:55:37.142,19:55,Cartão,32.82,Americano with Milk,Sexta-feira,4,Junho,6,2024,19,25,21
2024-06-22,2024-06-22 08:39:50.273,08:39,Cartão,27.92,Cortado,Sábado,5,Junho,6,2024,8,25,22
2024-06-22,2024-06-22 09:37:48.779,09:37,Cartão,32.82,Americano with Milk,Sábado,5,Junho,6,2024,9,25,22
2024-06-22,2024-06-22 12:53:15.541,12:53,Cartão,32.82,Americano with Milk,Sábado,5,Junho,6,2024,12,25,22
2024-06-22,2024-06-22 15:37:20.137,15:37,Cartão,37.72,Latte,Sábado,5,Junho,6,2024,15,25,22
2024-06-22,2024-06-22 22:10:22.998,22:10,Cartão,37.72,Cappuccino,Sábado,5,Junho,6,2024,22,25,22
2024-06-23,2024-06-23 18:12:01.406,18:12,Cartão,32.82,Americano with Milk,Domingo,6,Junho,6,2024,18,25,23
2024-06-23,2024-06-23 18:13:50.638,18:13,Cartão,32.82,Americano with Milk,Domingo,6,Junho,6,2024,18,25,23
2024-06-23,2024-06-23 21:06:46.956,21:06,Cartão,37.72,Cappuccino,Domingo,6,Junho,6,2024,21,25,23
2024-06-23,2024-06-23 21:29:07.823,21:29,Cartão,37.72,Latte,Domingo,6,Junho,6,2024,21,25,23
2024-06-23,2024-06-23 21:30:36.375,21:30,Cartão,37.72,Cappuccino,Domingo,6,Junho,6,2024,21,25,23
2024-06-24,2024-06-24 11:44:39.939,11:44,Cartão,32.82,Americano with Milk,Segunda-feira,0,Junho,6,2024,11,26,24
2024-06-24,2024-06-24 11:49:36.044,11:49,Cartão,37.72,Cappuccino,Segunda-feira,0,Junho,6,2024,11,26,24
2024-06-24,2024-06-24 11:50:44.080,11:50,Cartão,37.72,Cappuccino,Segunda-feira,0,Junho,6,2024,11,26,24
2024-06-24,2024-06-24 15:02:28.995,15:02,Cartão,37.72,Latte,Segunda-feira,0,Junho,6,2024,15,26,24
2024-06-24,2024-06-24 16:46:00.573,16:46,Cartão,37.72,Cappuccino,Segunda-feira,0,Junho,6,2024,16,26,24
2024-06-24,2024-06-24 16:47:00.409,16:47,Cartão,37.72,Cappuccino,Segunda-feira,0,Junho,6,2024,16,26,24
2024-06-25,2024-06-25 08:19:24.244,08:19,Cartão,37.72,Latte,Terça-feira,1,Junho,6,2024,8,26,25
2024-06-25,2024-06-25 10:28:26.408,10:28,Cartão,32.82,Americano with Milk,Terça-feira,1,Junho,6,2024,10,26,25
2024-06-25,2024-06-25 10:29:42.410,10:29,Cartão,32.82,Americano with Milk,Terça-feira,1,Junho,6,2024,10,26,25
2024-06-25,2024-06-25 11:34:52.296,11:34,Cartão,37.72,Cappuccino,Terça-feira,1,Junho,6,2024,11,26,25
2024-06-26,2024-06-26 09:33:01.706,09:33,Cartão,37.72,Latte,Quarta-feira,2,Junho,6,2024,9,26,26
2024-06-26,2024-06-26 16:32:29.453,16:32,Cartão,23.02,Espresso,Quarta-feira,2,Junho,6,2024,16,26,26
2024-06-26,2024-06-26 16:34:01.607,16:34,Cartão,27.92,Americano,Quarta-feira,2,Junho,6,2024,16,26,26
2024-06-26,2024-06-26 21:21:53.296,21:21,Cartão,37.72,Latte,Quarta-feira,2,Junho,6,2024,21,26,26
2024-06-26,2024-06-26 21:27:00.807,21:27,Cartão,37.72,Cappuccino,Quarta-feira,2,Junho,6,2024,21,26,26
2024-06-26,2024-06-26 21:28:14.566,21:28,Cartão,32.82,Americano with Milk,Quarta-feira,2,Junho,6,2024,21,26,26
2024-06-27,2024-06-27 09:15:43.173,09:15,Cartão,32.82,Americano with Milk,Quinta-feira,3,Junho,6,2024,9,26,27
2024-06-27,2024-06-27 16:11:48.000,16:11,Cartão,27.92,Cortado,Quinta-feira,3,Junho,6,2024,16,26,27
2024-06-27,2024-06-27 21:44:03.372,21:44,Cartão,32.82,Americano with Milk,Quinta-feira,3,Junho,6,2024,21,26,27
2024-06-27,2024-06-27 21:50:31.617,21:50,Cartão,37.72,Cappuccino,Quinta-feira,3,Junho,6,2024,21,26,27
2024-06-28,2024-06-28 08:08:35.044,08:08,Cartão,27.92,Cortado,Sexta-feira,4,Junho,6,2024,8,26,28
2024-06-28,2024-06-28 17:51:53.993,17:51,Cartão,23.02,Espresso,Sexta-feira,4,Junho,6,2024,17,26,28
2024-06-28,2024-06-28 21:50:55.375,21:50,Cartão,32.82,Americano with Milk,Sexta-feira,4,Junho,6,2024,21,26,28
2024-06-28,2024-06-28 21:52:01.867,21:52,Cartão,37.72,Latte,Sexta-feira,4,Junho,6,2024,21,26,28
2024-06-28,2024-06-28 22:28:19.976,22:28,Cartão,37.72,Cappuccino,Sexta-feira,4,Junho,6,2024,22,26,28
2024-06-29,2024-06-29 09:47:10.304,09:47,Cartão,32.82,Americano with Milk,Sábado,5,Junho,6,2024,9,26,29
2024-06-29,2024-06-29 11:40:19.582,11:40,Cartão,32.82,Americano with Milk,Sábado,5,Junho,6,2024,11,26,29
2024-06-29,2024-06-29 11:41:26.609,11:41,Cartão,32.82,Americano with Milk,Sábado,5,Junho,6,2024,11,26,29
2024-06-29,2024-06-29 12:30:24.358,12:30,Cartão,37.72,Cappuccino,Sábado,5,Junho,6,2024,12,26,29
2024-06-29,2024-06-29 12:31:42.582,12:31,Cartão,37.72,Cappuccino,Sábado,5,Junho,6,2024,12,26,29
2024-06-29,2024-06-29 17:23:43.583,17:23,Cartão,37.72,Cappuccino,Sábado,5,Junho,6,2024,17,26,29
2024-06-29,2024-06-29 17:24:52.377,17:24,Cartão,37.72,Hot Chocolate,Sábado,5,Junho,6,2024,17,26,29
2024-06-29,2024-06-29 21:27:22.449,21:27,Cartão,37.72,Latte,Sábado,5,Junho,6,2024,21,26,29
2024-06-30,2024-06-30 10:28:09.842,10:28,Cartão,37.72,Latte,Domingo,6,Junho,6,2024,10,26,30
2024-06-30,2024-06-30 13:05:50.620,13:05,Cartão,23.02,Espresso,Domingo,6,Junho,6,2024,13,26,30
2024-06-30,2024-06-30 16:54:41.679,16:54,Cartão,37.72,Hot Chocolate,Domingo,6,Junho,6,2024,16,26,30
2024-06-30,2024-06-30 21:04:09.746,21:04,Cartão,32.82,Americano with Milk,Domingo,6,Junho,6,2024,21,26,30
2024-07-01,2024-07-01 18:07:26.760,18:07,Cartão,23.02,Espresso,Segunda-feira,0,Julho,7,2024,18,27,1
2024-07-01,2024-07-01 18:56:51.844,18:56,Cartão,37.72,Cappuccino,Segunda-feira,0,Julho,7,2024,18,27,1
2024-07-01,2024-07-01 18:57:54.267,18:57,Cartão,37.72,Cappuccino,Segunda-feira,0,Julho,7,2024,18,27,1
2024-07-02,2024-07-02 10:42:54.057,10:42,Cartão,32.82,Americano with Milk,Terça-feira,1,Julho,7,2024,10,27,2
2024-07-02,2024-07-02 10:45:00.617,10:45,Cartão,27.92,Americano,Terça-feira,1,Julho,7,2024,10,27,2
2024-07-02,2024-07-02 12:48:05.181,12:48,Cartão,37.72,Latte,Terça-feira,1,Julho,7,2024,12,27,2
2024-07-02,2024-07-02 14:03:13.231,14:03,Cartão,27.92,Americano,Terça-feira,1,Julho,7,2024,14,27,2
2024-07-02,2024-07-02 16:31:24.337,16:31,Cartão,32.82,Americano with Milk,Terça-feira,1,Julho,7,2024,16,27,2
2024-07-02,2024-07-02 22:02:23.576,22:02,Cartão,32.82,Americano with Milk,Terça-feira,1,Julho,7,2024,22,27,2
2024-07-03,2024-07-03 13:51:14.935,13:51,Cartão,32.82,Americano with Milk,Quarta-feira,2,Julho,7,2024,13,27,3
2024-07-03,2024-07-03 16:01:16.554,16:01,Cartão,37.72,Cappuccino,Quarta-feira,2,Julho,7,2024,16,27,3
2024-07-03,2024-07-03 16:50:25.223,16:50,Cartão,37.72,Cappuccino,Quarta-feira,2,Julho,7,2024,16,27,3
2024-07-03,2024-07-03 16:53:15.618,16:53,Cartão,32.82,Americano with Milk,Quarta-feira,2,Julho,7,2024,16,27,3
2024-07-03,2024-07-03 16:54:22.907,16:54,Cartão,32.82,Americano with Milk,Quarta-feira,2,Julho,7,2024,16,27,3
2024-07-03,2024-07-03 16:55:31.423,16:55,Cartão,37.72,Latte,Quarta-feira,2,Julho,7,2024,16,27,3
2024-07-03,2024-07-03 16:59:25.580,16:59,Cartão,23.02,Espresso,Quarta-feira,2,Julho,7,2024,16,27,3
2024-07-03,2024-07-03 17:59:01.827,17:59,Cartão,37.72,Cappuccino,Quarta-feira,2,Julho,7,2024,17,27,3
2024-07-03,2024-07-03 19:06:09.136,19:06,Cartão,37.72,Latte,Quarta-feira,2,Julho,7,2024,19,27,3
2024-07-04,2024-07-04 10:26:23.725,10:26,Cartão,32.82,Americano with Milk,Quinta-feira,3,Julho,7,2024,10,27,4
2024-07-04,2024-07-04 10:27:30.261,10:27,Cartão,27.92,Americano,Quinta-feira,3,Julho,7,2024,10,27,4
2024-07-05,2024-07-05 12:20:28.670,12:20,Cartão,37.72,Cocoa,Sexta-feira,4,Julho,7,2024,12,27,5
2024-07-05,2024-07-05 13:43:43.134,13:43,Cartão,32.82,Americano with Milk,Sexta-feira,4,Julho,7,2024,13,27,5
2024-07-05,2024-07-05 13:44:43.829,13:44,Cartão,32.82,Americano with Milk,Sexta-feira,4,Julho,7,2024,13,27,5
2024-07-05,2024-07-05 18:55:56.308,18:55,Cartão,23.02,Espresso,Sexta-feira,4,Julho,7,2024,18,27,5
2024-07-05,2024-07-05 19:55:07.812,19:55,Cartão,27.92,Americano,Sexta-feira,4,Julho,7,2024,19,27,5
2024-07-05,2024-07-05 22:11:56.471,22:11,Cartão,23.02,Espresso,Sexta-feira,4,Julho,7,2024,22,27,5
2024-07-05,2024-07-05 22:18:03.324,22:18,Cartão,27.92,Americano,Sexta-feira,4,Julho,7,2024,22,27,5
2024-07-05,2024-07-05 22:18:56.945,22:18,Cartão,27.92,Americano,Sexta-feira,4,Julho,7,2024,22,27,5
2024-07-05,2024-07-05 22:20:01.149,22:20,Cartão,37.72,Cappuccino,Sexta-feira,4,Julho,7,2024,22,27,5
2024-07-05,2024-07-05 22:21:09.457,22:21,Cartão,32.82,Americano with Milk,Sexta-feira,4,Julho,7,2024,22,27,5
2024-07-06,2024-07-06 10:28:06.826,10:28,Cartão,37.72,Latte,Sábado,5,Julho,7,2024,10,27,6
2024-07-06,2024-07-06 17:15:46.042,17:15,Cartão,32.82,Latte,Sábado,5,Julho,7,2024,17,27,6
2024-07-06,2024-07-06 17:17:01.046,17:17,Cartão,32.82,Latte,Sábado,5,Julho,7,2024,17,27,6
2024-07-06,2024-07-06 19:09:46.107,19:09,Cartão,32.82,Latte,Sábado,5,Julho,7,2024,19,27,6
2024-07-06,2024-07-06 19:10:39.580,19:10,Cartão,27.92,Americano with Milk,Sábado,5,Julho,7,2024,19,27,6
2024-07-07,2024-07-07 09:04:20.169,09:04,Cartão,32.82,Cappuccino,Domingo,6,Julho,7,2024,9,27,7
2024-07-07,2024-07-07 09:14:29.225,09:14,Cartão,27.92,Americano with Milk,Domingo,6,Julho,7,2024,9,27,7
2024-07-07,2024-07-07 09:15:36.815,09:15,Cartão,27.92,Americano with Milk,Domingo,6,Julho,7,2024,9,27,7
2024-07-07,2024-07-07 09:28:48.876,09:28,Cartão,32.82,Cappuccino,Domingo,6,Julho,7,2024,9,27,7
2024-07-07,2024-07-07 09:29:56.189,09:29,Cartão,32.82,Cappuccino,Domingo,6,Julho,7,2024,9,27,7
2024-07-07,2024-07-07 14:56:30.193,14:56,Cartão,32.82,Hot Chocolate,Domingo,6,Julho,7,2024,14,27,7
2024-07-07,2024-07-07 14:57:47.411,14:57,Cartão,32.82,Cocoa,Domingo,6,Julho,7,2024,14,27,7
2024-07-07,2024-07-07 17:07:50.284,17:07,Cartão,32.82,Latte,Domingo,6,Julho,7,2024,17,27,7
2024-07-07,2024-07-07 19:33:27.187,19:33,Cartão,32.82,Cappuccino,Domingo,6,Julho,7,2024,19,27,7
2024-07-07,2024-07-07 20:01:31.653,20:01,Cartão,32.82,Hot Chocolate,Domingo,6,Julho,7,2024,20,27,7
2024-07-07,2024-07-07 22:33:36.255,22:33,Cartão,27.92,Americano with Milk,Domingo,6,Julho,7,2024,22,27,7
2024-07-08,2024-07-08 07:33:07.724,07:33,Cartão,32.82,Latte,Segunda-feira,0,Julho,7,2024,7,28,8
2024-07-08,2024-07-08 12:02:50.421,12:02,Cartão,23.02,Americano,Segunda-feira,0,Julho,7,2024,12,28,8
2024-07-08,2024-07-08 14:40:24.350,14:40,Cartão,23.02,Americano,Segunda-feira,0,Julho,7,2024,14,28,8
2024-07-08,2024-07-08 19:30:34.976,19:30,Cartão,27.92,Americano with Milk,Segunda-feira,0,Julho,7,2024,19,28,8
2024-07-08,2024-07-08 22:14:46.180,22:14,Cartão,32.82,Latte,Segunda-feira,0,Julho,7,2024,22,28,8
2024-07-09,2024-07-09 10:26:52.138,10:26,Cartão,27.92,Americano with Milk,Terça-feira,1,Julho,7,2024,10,28,9
2024-07-09,2024-07-09 10:40:28.767,10:40,Cartão,27.92,Americano with Milk,Terça-feira,1,Julho,7,2024,10,28,9
2024-07-09,2024-07-09 11:21:36.103,11:21,Cartão,27.92,Americano with Milk,Terça-feira,1,Julho,7,2024,11,28,9
2024-07-09,2024-07-09 11:22:49.904,11:22,Cartão,32.82,Cappuccino,Terça-feira,1,Julho,7,2024,11,28,9
2024-07-09,2024-07-09 16:42:59.535,16:42,Cartão,27.92,Americano with Milk,Terça-feira,1,Julho,7,2024,16,28,9
2024-07-10,2024-07-10 11:10:41.690,11:10,Cartão,23.02,Americano,Quarta-feira,2,Julho,7,2024,11,28,10
2024-07-10,2024-07-10 12:28:53.659,12:28,Cartão,27.92,Americano with Milk,Quarta-feira,2,Julho,7,2024,12,28,10
2024-07-10,2024-07-10 22:13:10.049,22:13,Cartão,32.82,Latte,Quarta-feira,2,Julho,7,2024,22,28,10
2024-07-11,2024-07-11 11:27:27.562,11:27,Cartão,32.82,Hot Chocolate,Quinta-feira,3,Julho,7,2024,11,28,11
2024-07-11,2024-07-11 16:48:18.709,16:48,Cartão,27.92,Americano with Milk,Quinta-feira,3,Julho,7,2024,16,28,11
2024-07-11,2024-07-11 22:22:13.648,22:22,Cartão,32.82,Latte,Quinta-feira,3,Julho,7,2024,22,28,11
2024-07-11,2024-07-11 22:30:58.541,22:30,Cartão,23.02,Americano,Quinta-feira,3,Julho,7,2024,22,28,11
2024-07-12,2024-07-12 08:03:17.492,08:03,Cartão,23.02,Cortado,Sexta-feira,4,Julho,7,2024,8,28,12
2024-07-12,2024-07-12 11:48:33.381,11:48,Cartão,32.82,Hot Chocolate,Sexta-feira,4,Julho,7,2024,11,28,12
2024-07-12,2024-07-12 22:33:25.589,22:33,Cartão,32.82,Hot Chocolate,Sexta-feira,4,Julho,7,2024,22,28,12
2024-07-12,2024-07-12 22:34:14.307,22:34,Cartão,32.82,Hot Chocolate,Sexta-feira,4,Julho,7,2024,22,28,12
2024-07-12,2024-07-12 22:35:29.518,22:35,Cartão,32.82,Hot Chocolate,Sexta-feira,4,Julho,7,2024,22,28,12
2024-07-13,2024-07-13 10:38:10.273,10:38,Cartão,32.82,Latte,Sábado,5,Julho,7,2024,10,28,13
2024-07-13,2024-07-13 11:41:38.089,11:41,Cartão,32.82,Latte,Sábado,5,Julho,7,2024,11,28,13
2024-07-14,2024-07-14 10:54:24.307,10:54,Cartão,23.02,Americano,Domingo,6,Julho,7,2024,10,28,14
2024-07-14,2024-07-14 10:55:30.525,10:55,Cartão,27.92,Americano with Milk,Domingo,6,Julho,7,2024,10,28,14
2024-07-14,2024-07-14 10:56:30.251,10:56,Cartão,32.82,Cappuccino,Domingo,6,Julho,7,2024,10,28,14
2024-07-14,2024-07-14 10:57:54.062,10:57,Cartão,32.82,Latte,Domingo,6,Julho,7,2024,10,28,14
2024-07-14,2024-07-14 11:02:11.798,11:02,Cartão,23.02,Americano,Domingo,6,Julho,7,2024,11,28,14
2024-07-14,2024-07-14 22:31:29.976,22:31,Cartão,32.82,Latte,Domingo,6,Julho,7,2024,22,28,14
2024-07-15,2024-07-15 07:33:05.557,07:33,Cartão,32.82,Cappuccino,Segunda-feira,0,Julho,7,2024,7,29,15
2024-07-16,2024-07-16 12:23:37.467,12:23,Cartão,27.92,Americano with Milk,Terça-feira,1,Julho,7,2024,12,29,16
2024-07-16,2024-07-16 19:29:25.485,19:29,Cartão,32.82,Hot Chocolate,Terça-feira,1,Julho,7,2024,19,29,16
2024-07-17,2024-07-17 13:04:59.744,13:04,Cartão,27.92,Americano with Milk,Quarta-feira,2,Julho,7,2024,13,29,17
